{
	"__comment": "Made by Mickey Joe Alpha",
    "parent": "block/block",
	"textures": {
		"particle": "blocks/brewing_stand",
		"base": "blocks/brewing_stand_base",
		"stand": "blocks/brewing_stand"
	},
	"elements": [ 	 
		{
			"__comment": "Box3",
			"from": [ 6, 3, 9 ],
			"to": [ 7, 14, 10 ],
			"faces": {
				"down": { "uv": [ 9, 12, 10, 13 ], "texture": "#stand" },
				"up": { "uv": [ 9, 2, 10, 3 ], "texture": "#stand" },
				"north": { "uv": [ 9, 2, 10, 13 ], "texture": "#stand" },
				"south": { "uv": [ 9, 2, 10, 13 ], "texture": "#stand" },
				"west": { "uv": [ 9, 2, 10, 13 ], "texture": "#stand" },
				"east": { "uv": [ 9, 2, 10, 13 ], "texture": "#stand" }
			}
		},
		{
			"__comment": "Box4",
			"from": [ 5, 3, 10 ],
			"to": [ 6, 14, 11 ],
			"faces": {
				"down": { "uv": [ 10, 12, 11, 13 ], "texture": "#stand" },
				"up": { "uv": [ 10, 2, 11, 3 ], "texture": "#stand" },
				"north": { "uv": [ 10, 2, 11, 13 ], "texture": "#stand" },
				"south": { "uv": [ 10, 2, 11, 13 ], "texture": "#stand" },
				"west": { "uv": [ 10, 2, 11, 13 ], "texture": "#stand" },
				"east": { "uv": [ 10, 2, 11, 13 ], "texture": "#stand" }
			}
		},
		{
			"__comment": "Box5",
			"from": [ 4, 12, 11 ],
			"to": [ 5, 14, 12 ],
			"faces": {
				"down": { "uv": [ 11, 3, 12, 4 ], "texture": "#stand" },
				"up": { "uv": [ 11, 2, 12, 3 ], "texture": "#stand" },
				"north": { "uv": [ 11, 2, 12, 4 ], "texture": "#stand" },
				"south": { "uv": [ 11, 2, 12, 4 ], "texture": "#stand" },
				"west": { "uv": [ 11, 2, 12, 4 ], "texture": "#stand" },
				"east": { "uv": [ 11, 2, 12, 4 ], "texture": "#stand" }
			}
		},
		{
			"__comment": "Box6",
			"from": [ 3, 7, 12 ],
			"to": [ 4, 16, 13 ],
			"faces": {
				"down": { "uv": [ 12, 8, 13, 9 ], "texture": "#stand" },
				"up": { "uv": [ 12, 0, 13, 1 ], "texture": "#stand" },
				"north": { "uv": [ 12, 0, 13, 9 ], "texture": "#stand" },
				"south": { "uv": [ 12, 0, 13, 9 ], "texture": "#stand" },
				"west": { "uv": [ 12, 0, 13, 9 ], "texture": "#stand" },
				"east": { "uv": [ 12, 0, 13, 9 ], "texture": "#stand" }
			}
		},
		{
			"__comment": "Box2",
			"from": [ 9, 3, 7.5 ],
			"to": [ 11, 14, 8.5 ],
			"faces": {
				"down": { "uv": [ 9, 7.5, 11, 8.5 ], "texture": "#stand" },
				"up": { "uv": [ 9, 2, 11, 3 ], "texture": "#stand" },
				"north": { "uv": [ 11, 2, 9, 13 ], "texture": "#stand" },
				"south": { "uv": [ 9, 2, 11, 13 ], "texture": "#stand" },
				"east": { "uv": [ 10, 2, 11, 13 ], "texture": "#stand" }
			}
		},
		{
			"__comment": "Box3",
			"from": [ 11, 12, 7.5 ],
			"to": [ 12, 14, 8.5 ],
			"faces": {
				"down": { "uv": [ 11, 3, 12, 4 ], "texture": "#stand" },
				"up": { "uv": [ 11, 2, 12, 3 ], "texture": "#stand" },
				"north": { "uv": [ 11, 2, 12, 4 ], "texture": "#stand" },
				"south": { "uv": [ 11, 2, 12, 4 ], "texture": "#stand" }
			}
		},
		{
			"__comment": "Box4",
			"from": [ 12, 7, 7.5 ],
			"to": [ 13, 16, 8.5 ],
			"faces": {
				"down": { "uv": [ 12, 8, 13, 9 ], "texture": "#stand" },
				"up": { "uv": [ 12, 0, 13, 1 ], "texture": "#stand" },
				"north": { "uv": [ 12, 0, 13, 9 ], "texture": "#stand" },
				"south": { "uv": [ 12, 0, 13, 9 ], "texture": "#stand" },
				"west": { "uv": [ 12, 0, 13, 9 ], "texture": "#stand" },
				"east": { "uv": [ 12, 0, 13, 9 ], "texture": "#stand" }
			}
		},
		{
			"__comment": "Box2",
			"from": [ 6, 3, 6 ],
			"to": [ 7, 14, 7 ],
			"faces": {
				"down": { "uv": [ 9, 12, 10, 13 ], "texture": "#stand" },
				"up": { "uv": [ 9, 2, 10, 3 ], "texture": "#stand" },
				"north": { "uv": [ 9, 2, 10, 13 ], "texture": "#stand" },
				"south": { "uv": [ 9, 2, 10, 13 ], "texture": "#stand" },
				"west": { "uv": [ 9, 2, 10, 13 ], "texture": "#stand" },
				"east": { "uv": [ 9, 2, 10, 13 ], "texture": "#stand" }
			}
		},
		{
			"__comment": "Box4",
			"from": [ 5, 3, 5 ],
			"to": [ 6, 14, 6 ],
			"faces": {
				"down": { "uv": [ 10, 12, 11, 13 ], "texture": "#stand" },
				"up": { "uv": [ 10, 2, 11, 3 ], "texture": "#stand" },
				"north": { "uv": [ 10, 2, 11, 13 ], "texture": "#stand" },
				"south": { "uv": [ 10, 2, 11, 13 ], "texture": "#stand" },
				"west": { "uv": [ 10, 2, 11, 13 ], "texture": "#stand" },
				"east": { "uv": [ 10, 2, 11, 13 ], "texture": "#stand" }
			}
		},
		{
			"__comment": "Box5",
			"from": [ 4, 12, 4 ],
			"to": [ 5, 14, 5 ],
			"faces": {
				"down": { "uv": [ 11, 3, 12, 4 ], "texture": "#stand" },
				"up": { "uv": [ 11, 2, 12, 3 ], "texture": "#stand" },
				"north": { "uv": [ 11, 2, 12, 4 ], "texture": "#stand" },
				"south": { "uv": [ 11, 2, 12, 4 ], "texture": "#stand" },
				"west": { "uv": [ 11, 2, 12, 4 ], "texture": "#stand" },
				"east": { "uv": [ 11, 2, 12, 4 ], "texture": "#stand" }
			}
		},
		{
			"__comment": "Box6",
			"from": [ 3, 7, 3 ],
			"to": [ 4, 16, 4 ],
			"faces": {
				"down": { "uv": [ 12, 8, 13, 9 ], "texture": "#stand" },
				"up": { "uv": [ 12, 0, 13, 1 ], "texture": "#stand" },
				"north": { "uv": [ 12, 0, 13, 9 ], "texture": "#stand" },
				"south": { "uv": [ 12, 0, 13, 9 ], "texture": "#stand" },
				"west": { "uv": [ 12, 0, 13, 9 ], "texture": "#stand" },
				"east": { "uv": [ 12, 0, 13, 9 ], "texture": "#stand" }
			}
		},
		{
			"from": [ 7, 0, 7 ],
			"to": [ 9, 14, 9 ],
			"faces": {
				"down": { "uv": [ 7, 7, 9, 9 ], "texture": "#stand" },
				"up": { "uv": [ 7, 7, 9, 9 ], "texture": "#base" },
				"north": { "uv": [ 7, 2, 9, 16 ], "texture": "#stand" },
				"south": { "uv": [ 7, 2, 9, 16 ], "texture": "#stand" },
				"west": { "uv": [ 7, 2, 9, 16 ], "texture": "#stand" },
				"east": { "uv": [ 7, 2, 9, 16 ], "texture": "#stand" }
			}
		},
		{
			"from": [ 9, 0, 5 ],
			"to": [ 15, 2, 11 ],
			"faces": {
				"down": { "uv": [ 9, 5, 15, 11 ], "texture": "#base" },
				"up": { "uv": [ 9, 5, 15, 11 ], "texture": "#base" },
				"north": { "uv": [ 9, 14, 15, 16 ], "texture": "#base" },
				"south": { "uv": [ 9, 14, 15, 16 ], "texture": "#base" },
				"west": { "uv": [ 5, 14, 11, 16 ], "texture": "#base" },
				"east": { "uv": [ 5, 14, 11, 16 ], "texture": "#base" }
			}
		},
		{
			"from": [ 2, 0, 1 ],
			"to": [ 8, 2, 7 ],
			"faces": {
				"down": { "uv": [ 2, 1, 8, 7 ], "texture": "#base" },
				"up": { "uv": [ 2, 1, 8, 7 ], "texture": "#base" },
				"north": { "uv": [ 2, 14, 8, 16 ], "texture": "#base" },
				"south": { "uv": [ 2, 14, 8, 16 ], "texture": "#base" },
				"west": { "uv": [ 1, 14, 7, 16 ], "texture": "#base" },
				"east": { "uv": [ 1, 14, 7, 16 ], "texture": "#base" }
			}
		},
		{
			"from": [ 2, 0, 9 ],
			"to": [ 8, 2, 15 ],
			"faces": {
				"down": { "uv": [ 2, 9, 8, 15 ], "texture": "#base" },
				"up": { "uv": [ 2, 9, 8, 15 ], "texture": "#base" },
				"north": { "uv": [ 2, 14, 8, 16 ], "texture": "#base" },
				"south": { "uv": [ 2, 14, 8, 16 ], "texture": "#base" },
				"west": { "uv": [ 9, 14, 15, 16 ], "texture": "#base" },
				"east": { "uv": [ 9, 14, 15, 16 ], "texture": "#base" }
			}
		}
	]
}