{
	"__comment": "Made by Mickey Joe Alpha",
    "parent": "item/generated",
    "textures": {
        "layer0": "items/chainmail_boots"
    },
    "overrides": [
        {
            "predicate": {
                "damage": 0.25
            },
            "model": "item/chainmail_boots_damaged_0"
        },
        {
            "predicate": {
                "damage": 0.50
            },
            "model": "item/chainmail_boots_damaged_1"
        },
        {
            "predicate": {
                "damage": 0.75
            },
            "model": "item/chainmail_boots_damaged_2"
        }
    ]
}