{
	"__comment": "Made by Mickey Joe Alpha",
	"parent": "block/block",
	"textures": {
		"texture": "blocks/stonebrick_carved",
		"overlay": "blocks/monster_egg"
	},
	"elements": [
		{
			"__comment": "Cube1",
			"from": [ 0, 0, 0 ],
			"to": [ 16, 16, 16 ],
			"faces": {
				"down": { "uv": [ 0, 0, 16, 16 ], "texture": "#texture" },
				"up": { "uv": [ 0, 0, 16, 16 ], "texture": "#texture" },
				"north": { "uv": [ 0, 0, 16, 16 ], "texture": "#texture" },
				"south": { "uv": [ 0, 0, 16, 16 ], "texture": "#texture" },
				"west": { "uv": [ 0, 0, 16, 16 ], "texture": "#texture" },
				"east": { "uv": [ 0, 0, 16, 16 ], "texture": "#texture" }
			}
		},
		{
			"__comment": "Cube2",
			"from": [ -0.01, -0.01, -0.01 ],
			"to": [ 16.01, 16.01, 16.01 ],
			"faces": {
				"down": { "uv": [ 0, 0.01824665, 15.98175, 16 ], "texture": "#overlay" },
				"up": { "uv": [ 0, 0, 15.98175, 15.98175 ], "texture": "#overlay" },
				"north": { "uv": [ 0.01824665, 0.01824665, 16, 16 ], "texture": "#overlay" },
				"south": { "uv": [ 0, 0.01824665, 15.98175, 16 ], "texture": "#overlay" },
				"west": { "uv": [ 0, 0.01824665, 15.98175, 16 ], "texture": "#overlay" },
				"east": { "uv": [ 0.01824665, 0.01824665, 16, 16 ], "texture": "#overlay" }
			}
		}
	]
}