{
	"__comment": "Made by Mickey Joe Alpha",
    "parent": "block/block",
"textures": {
    "particle": "blocks/enchanting_table_side",
    "bottom": "blocks/enchanting_table_bottom",
    "top": "blocks/enchanting_table_top",
    "side": "blocks/enchanting_table_side",
    "book": "items/enchanting_table_book"
},
"elements": [ 
{
    "from": [ 0, 0, 0 ],
    "to": [ 16, 12, 16 ],
    "faces": {
        "down":  { "uv": [ 0, 0, 16, 16 ], "texture": "#bottom", "cullface": "down" },
        "up":    { "uv": [ 0, 0, 16, 16 ], "texture": "#top" },
        "north": { "uv": [ 0, 4, 16, 16 ], "texture": "#side", "cullface": "north" },
        "south": { "uv": [ 0, 4, 16, 16 ], "texture": "#side", "cullface": "south" },
        "west":  { "uv": [ 0, 4, 16, 16 ], "texture": "#side", "cullface": "west" },
        "east":  { "uv": [ 0, 4, 16, 16 ], "texture": "#side", "cullface": "east" }
    }
},
{
    "from": [ 4, 12, 5 ],
    "to": [ 12, 14, 10 ],
    "faces": {
        "south": { "uv": [ 0, 10, 0.5, 10.5 ], "texture": "#book" },
        "west":  { "uv": [ 0, 10, 0.5, 10.5 ], "texture": "#book" },
        "east":  { "uv": [ 0, 10, 0.5, 10.5 ], "texture": "#book" }
    }
},
{
    "from": [ 3, 14, 5 ],
    "to": [ 13, 14.0625, 11 ],
    "faces": {
        "down":  { "uv": [ 6, 10, 0, 0 ], "rotation": 270, "texture": "#book" },
        "up":    { "uv": [ 8, 0, 14, 10 ], "rotation": 270, "texture": "#book" }
    }
},
{
    "from": [ 3, 12, 5 ],
    "to": [ 13, 14, 5.0625 ],
    "faces": {
        "north": { "uv": [ 6, 0, 8, 10 ], "rotation": 90, "texture": "#book" },
        "south": { "uv": [ 6, 0, 8, 10 ], "rotation": 270, "texture": "#book" }
    }
},
{
    "from": [ 3, 12, 5 ],
    "to": [ 13, 12.0625, 11 ],
    "faces": {
        "up":    { "uv": [ 0, 0, 6, 10 ], "rotation": 270, "texture": "#book" }
    }
}
]
}