{
	"__comment": "Made by Mickey Joe Alpha",
    "parent": "item/handheld",
    "textures": {
        "layer0": "items/iron_hoe"
    },
    "overrides": [
        {
            "predicate": {
                "damage": 0.25
            },
            "model": "item/iron_hoe_damaged_0"
        },
        {
            "predicate": {
                "damage": 0.50
            },
            "model": "item/iron_hoe_damaged_1"
        },
        {
            "predicate": {
                "damage": 0.75
            },
            "model": "item/iron_hoe_damaged_2"
        }
    ]
}