{
	"__comment": "Made by Mickey Joe Alpha",
    "parent": "item/handheld",
    "textures": {
        "layer0": "items/wood_pickaxe"
    },
    "overrides": [
        {
            "predicate": {
                "damage": 0.25
            },
            "model": "item/wooden_pickaxe_damaged_0"
        },
        {
            "predicate": {
                "damage": 0.50
            },
            "model": "item/wooden_pickaxe_damaged_1"
        },
        {
            "predicate": {
                "damage": 0.75
            },
            "model": "item/wooden_pickaxe_damaged_2"
        }
    ]
}