{
	"__comment": "Made by Mickey Joe Alpha",
	"textures": {
		"particle": "blocks/door_acacia_upper",
		"bottom": "blocks/door_acacia_lower",
		"top": "blocks/door_acacia_upper",
		"side": "blocks/door_side_upper_2",
		"openside": "blocks/door_side_upper_open_2",
		"edge": "blocks/door_top_2"
	},
	"elements": [
		{
			"from": [ 0, 0, 0 ],
			"to": [ 3, 1, 16 ],
			"faces": {
				"up": { "uv": [ 0, 6, 16, 9 ], "texture": "#edge", "rotation": 270 },
				"north": { "uv": [ 3, 15, 6, 16 ], "texture": "#side" },
				"south": { "uv": [ 3, 15, 6, 16 ], "texture": "#openside" },
				"west": { "uv": [ 0, 15, 16, 16 ], "texture": "#top" },
				"east": { "uv": [ 16, 15, 0, 16 ], "texture": "#top" }
			}
		},
		{
			"from": [ 0, 13, 0 ],
			"to": [ 3, 16, 16 ],
			"faces": {
				"down": { "uv": [ 0, 9, 16, 6 ], "texture": "#edge", "rotation": 90 },
				"up": { "uv": [ 0, 6, 16, 9 ], "texture": "#edge", "rotation": 90 },
				"north": { "uv": [ 3, 0, 6, 3 ], "texture": "#side" },
				"south": { "uv": [ 3, 0, 6, 3 ], "texture": "#openside" },
				"west": { "uv": [ 0, 0, 16, 3 ], "texture": "#top" },
				"east": { "uv": [ 16, 0, 0, 3 ], "texture": "#top" }
			}
		},
		{
			"from": [ 0, 1, 13 ],
			"to": [ 3, 13, 16 ],
			"faces": {
				"north": { "uv": [ 16, 3, 13, 15 ], "texture": "#top" },
				"south": { "uv": [ 3, 3, 6, 15 ], "texture": "#openside" },
				"west": { "uv": [ 13, 3, 16, 15 ], "texture": "#top" },
				"east": { "uv": [ 16, 3, 13, 15 ], "texture": "#top" }
			}
		},
		{
			"from": [ 0, 1, 0 ],
			"to": [ 3, 13, 3 ],
			"faces": {
				"north": { "uv": [ 3, 3, 6, 15 ], "texture": "#side" },
				"south": { "uv": [ 16, 3, 13, 15 ], "texture": "#top" },
				"west": { "uv": [ 0, 3, 3, 15 ], "texture": "#top" },
				"east": { "uv": [ 3, 3, 0, 15 ], "texture": "#top" }
			}
		},
		{
			"from": [ 0, 1, 5 ],
			"to": [ 3, 13, 7 ],
			"faces": {
				"north": { "uv": [ 16, 3, 13, 15 ], "texture": "#top" },
				"south": { "uv": [ 16, 3, 13, 15 ], "texture": "#top" },
				"west": { "uv": [ 5, 3, 7, 15 ], "texture": "#top" },
				"east": { "uv": [ 7, 3, 5, 15 ], "texture": "#top" }
			}
		},
		{
			"from": [ 0, 1, 9 ],
			"to": [ 3, 13, 11 ],
			"faces": {
				"north": { "uv": [ 16, 3, 13, 15 ], "texture": "#top" },
				"south": { "uv": [ 16, 3, 13, 15 ], "texture": "#top" },
				"west": { "uv": [ 9, 3, 11, 15 ], "texture": "#top" },
				"east": { "uv": [ 11, 3, 9, 15 ], "texture": "#top" }
			}
		},
		{
			"from": [ -1, 0, 12 ],
			"to": [ 0, 1, 15 ],
			"faces": {
				"down": { "uv": [ 12, 15, 15, 16 ], "texture": "#top", "rotation": 270 },
				"up": { "uv": [ 15, 15, 12, 16 ], "texture": "#top", "rotation": 270 },
				"north": { "uv": [ 12, 15, 13, 16 ], "texture": "#top" },
				"south": { "uv": [ 14, 15, 15, 16 ], "texture": "#top" },
				"west": { "uv": [ 15, 15, 12, 16 ], "texture": "#top", "rotation": 180 }
			}
		},
		{
			"from": [ 3, 0, 12 ],
			"to": [ 4, 1, 15 ],
			"faces": {
				"down": { "uv": [ 12, 15, 15, 16 ], "texture": "#top", "rotation": 270 },
				"up": { "uv": [ 15, 15, 12, 16 ], "texture": "#top", "rotation": 270 },
				"north": { "uv": [ 12, 15, 13, 16 ], "texture": "#top" },
				"south": { "uv": [ 14, 15, 15, 16 ], "texture": "#top" },
				"east": { "uv": [ 15, 15, 12, 16 ], "texture": "#top" }
			}
		}
	]
}