{
	"__comment": "Made by Mickey Joe Alpha",
	"textures": {
		"particle": "blocks/door_acacia_lower",
		"bottom": "blocks/door_acacia_lower",
		"side": "blocks/door_side_lower_2",
		"openside": "blocks/door_side_lower_open_2",
		"top": "blocks/door_top_2"
	},
	"elements": [
		{
			"from": [ 0, 0, 0 ],
			"to": [ 3, 3, 16 ],
			"faces": {
				"down": { "uv": [ 16, 9, 0, 6 ], "texture": "#top", "rotation": 90 },
				"up": { "uv": [ 0, 6, 16, 9 ], "texture": "#top", "rotation": 270 },
				"north": { "uv": [ 3, 13, 6, 16 ], "texture": "#side" },
				"south": { "uv": [ 3, 13, 6, 16 ], "texture": "#openside" },
				"west": { "uv": [ 0, 13, 16, 16 ], "texture": "#bottom" },
				"east": { "uv": [ 16, 13, 0, 16 ], "texture": "#bottom" }
			}
		},
		{
			"from": [ 0, 15, 0 ],
			"to": [ 3, 16, 16 ],
			"faces": {
				"down": { "uv": [ 0, 6, 16, 9 ], "texture": "#top", "rotation": 90 },
				"north": { "uv": [ 3, 0, 6, 1 ], "texture": "#side" },
				"south": { "uv": [ 3, 0, 6, 1 ], "texture": "#openside" },
				"west": { "uv": [ 0, 0, 16, 1 ], "texture": "#bottom" },
				"east": { "uv": [ 16, 0, 0, 1 ], "texture": "#bottom" }
			}
		},
		{
			"from": [ 0, 3, 13 ],
			"to": [ 3, 15, 16 ],
			"faces": {
				"north": { "uv": [ 16, 1, 13, 13 ], "texture": "#bottom" },
				"south": { "uv": [ 3, 1, 6, 13 ], "texture": "#openside" },
				"west": { "uv": [ 13, 1, 16, 13 ], "texture": "#bottom" },
				"east": { "uv": [ 16, 1, 13, 13 ], "texture": "#bottom" }
			}
		},
		{
			"from": [ 0, 3, 0 ],
			"to": [ 3, 15, 3 ],
			"faces": {
				"north": { "uv": [ 3, 1, 6, 13 ], "texture": "#side" },
				"south": { "uv": [ 16, 1, 13, 13 ], "texture": "#bottom" },
				"west": { "uv": [ 0, 1, 3, 13 ], "texture": "#bottom" },
				"east": { "uv": [ 3, 1, 0, 13 ], "texture": "#bottom" }
			}
		},
		{
			"from": [ 0, 3, 5 ],
			"to": [ 3, 15, 7 ],
			"faces": {
				"north": { "uv": [ 16, 1, 13, 13 ], "texture": "#bottom" },
				"south": { "uv": [ 16, 1, 13, 13 ], "texture": "#bottom" },
				"west": { "uv": [ 5, 1, 7, 13 ], "texture": "#bottom" },
				"east": { "uv": [ 7, 1, 5, 13 ], "texture": "#bottom" }
			}
		},
		{
			"from": [ 0, 3, 9 ],
			"to": [ 3, 15, 11 ],
			"faces": {
				"north": { "uv": [ 16, 1, 13, 13 ], "texture": "#bottom" },
				"south": { "uv": [ 16, 1, 13, 13 ], "texture": "#bottom" },
				"west": { "uv": [ 9, 1, 11, 13 ], "texture": "#bottom" },
				"east": { "uv": [ 11, 1, 9, 13 ], "texture": "#bottom" }
			}
		},
		{
			"from": [ -1, 15, 14 ],
			"to": [ 0, 16, 15 ],
			"faces": {
				"down": { "uv": [ 15, 1, 14, 0 ], "texture": "#bottom" },
				"north": { "uv": [ 14, 0, 15, 1 ], "texture": "#bottom" },
				"south": { "uv": [ 14, 0, 15, 1 ], "texture": "#bottom" },
				"west": { "uv": [ 14, 0, 15, 1 ], "texture": "#bottom" }
			}
		},
		{
			"from": [ 3, 15, 14 ],
			"to": [ 4, 16, 15 ],
			"faces": {
				"down": { "uv": [ 15, 1, 14, 0 ], "texture": "#bottom" },
				"north": { "uv": [ 14, 0, 15, 1 ], "texture": "#bottom" },
				"south": { "uv": [ 14, 0, 15, 1 ], "texture": "#bottom" },
				"east": { "uv": [ 14, 0, 15, 1 ], "texture": "#bottom" }
			}
		}
	]
}