{
	"__comment": "Made by Mickey Joe Alpha",
	"ambientocclusion": false,
	"textures": {
		"bottom": "blocks/door_birch_lower",
		"top": "blocks/door_birch_upper",
		"particle": "blocks/door_birch_lower",
		"side": "blocks/door_side_lower_1",
		"sideopen": "blocks/door_side_lower_open_1",
		"edge": "blocks/door_top_1"
	},
	"elements": [
		{
			"from": [ 0, 0, 13 ],
			"to": [ 3, 16, 16 ],
			"faces": {
				"down": { "uv": [ 0, 12, 3, 15 ], "texture": "#edge", "rotation": 90 },
				"north": { "uv": [ 2, 0, 3, 16 ], "texture": "#bottom" },
				"south": { "uv": [ 9, 0, 12, 16 ], "texture": "#side" },
				"west": { "uv": [ 3, 0, 0, 16 ], "texture": "#bottom" },
				"east": { "uv": [ 0, 0, 3, 16 ], "texture": "#bottom" }
			}
		},
		{
			"from": [ 0, 0, 0 ],
			"to": [ 3, 16, 3 ],
			"faces": {
				"down": { "uv": [ 13, 12, 16, 15 ], "texture": "#edge", "rotation": 90 },
				"north": { "uv": [ 9, 0, 12, 16 ], "texture": "#sideopen" },
				"south": { "uv": [ 13, 0, 14, 16 ], "texture": "#bottom" },
				"west": { "uv": [ 16, 0, 13, 16 ], "texture": "#bottom" },
				"east": { "uv": [ 13, 0, 16, 16 ], "texture": "#bottom" }
			}
		},
		{
			"from": [ 0, 0, 3 ],
			"to": [ 3, 12, 13 ],
			"faces": {
				"down": { "uv": [ 3, 12, 13, 15 ], "texture": "#edge", "rotation": 90 },
				"up": { "uv": [ 3, 4, 13, 5 ], "texture": "#bottom", "rotation": 270 },
				"west": { "uv": [ 13, 4, 3, 16 ], "texture": "#bottom" },
				"east": { "uv": [ 3, 4, 13, 16 ], "texture": "#bottom" }
			}
		},
		{
			"from": [ 1, 12, 3 ],
			"to": [ 2, 16, 13 ],
			"faces": {
				"west": { "uv": [ 13, 0, 3, 4 ], "texture": "#bottom" },
				"east": { "uv": [ 3, 0, 13, 4 ], "texture": "#bottom" }
			}
		}
	]
}