{
	"__comment": "Made by Mickey Joe Alpha",
	"textures": {
		"particle": "blocks/door_birch_upper",
		"bottom": "blocks/door_birch_lower",
		"top": "blocks/door_birch_upper",
		"side": "blocks/door_side_upper_1",
		"sideopen": "blocks/door_side_upper_open_1",
		"edge": "blocks/door_top_1"
	},
	"elements": [
		{
			"from": [ 0, 0, 0 ],
			"to": [ 3, 16, 3 ],
			"faces": {
				"up": { "uv": [ 0, 12, 3, 15 ], "texture": "#edge", "rotation": 90 },
				"north": { "uv": [ 9, 0, 12, 16 ], "texture": "#side" },
				"south": { "uv": [ 2, 0, 3, 16 ], "texture": "#top" },
				"west": { "uv": [ 0, 0, 3, 16 ], "texture": "#top" },
				"east": { "uv": [ 3, 0, 0, 16 ], "texture": "#top" }
			}
		},
		{
			"from": [ 0, 0, 13 ],
			"to": [ 3, 16, 16 ],
			"faces": {
				"up": { "uv": [ 13, 12, 16, 15 ], "texture": "#edge", "rotation": 90 },
				"north": { "uv": [ 13, 0, 14, 16 ], "texture": "#top" },
				"south": { "uv": [ 9, 0, 12, 16 ], "texture": "#sideopen" },
				"west": { "uv": [ 13, 0, 16, 16 ], "texture": "#top" },
				"east": { "uv": [ 16, 0, 13, 16 ], "texture": "#top" }
			}
		},
		{
			"from": [ 0, 13, 3 ],
			"to": [ 3, 16, 13 ],
			"faces": {
				"down": { "uv": [ 3, 2, 13, 3 ], "texture": "#top", "rotation": 90 },
				"up": { "uv": [ 3, 12, 13, 15 ], "texture": "#edge", "rotation": 90 },
				"west": { "uv": [ 3, 0, 13, 3 ], "texture": "#top" },
				"east": { "uv": [ 13, 0, 3, 3 ], "texture": "#top" }
			}
		},
		{
			"from": [ 1, 0, 3 ],
			"to": [ 2, 13, 13 ],
			"faces": {
				"west": { "uv": [ 3, 3, 13, 16 ], "texture": "#top" },
				"east": { "uv": [ 13, 3, 3, 16 ], "texture": "#top" }
			}
		},
		{
			"from": [ -1, 0, 14 ],
			"to": [ 4, 2, 15 ],
			"faces": {
				"down": { "uv": [ 14, 15, 15, 16 ], "texture": "#top" },
				"up": { "uv": [ 14, 14, 15, 15 ], "texture": "#top" },
				"north": { "uv": [ 14, 14, 15, 16 ], "texture": "#top" },
				"south": { "uv": [ 14, 14, 15, 16 ], "texture": "#top" },
				"west": { "uv": [ 14, 14, 15, 16 ], "texture": "#top" },
				"east": { "uv": [ 14, 14, 15, 16 ], "texture": "#top" }
			}
		}
	]
}