{
	"__comment": "Made by Mickey Joe Alpha",
	"textures": {
		"particle": "blocks/brewing_stand",
		"stand": "blocks/brewing_stand"
	},
	"elements": [ 	 
		{
			"__comment": "Box2",
			"from": [ 6, 3, 6 ],
			"to": [ 7, 14, 7 ],
			"faces": {
				"down": { "uv": [ 9, 12, 10, 13 ], "texture": "#stand" },
				"up": { "uv": [ 9, 2, 10, 3 ], "texture": "#stand" },
				"north": { "uv": [ 9, 2, 10, 13 ], "texture": "#stand" },
				"south": { "uv": [ 9, 2, 10, 13 ], "texture": "#stand" },
				"west": { "uv": [ 9, 2, 10, 13 ], "texture": "#stand" },
				"east": { "uv": [ 9, 2, 10, 13 ], "texture": "#stand" }
			}
		},
		{
			"__comment": "Box4",
			"from": [ 5, 3, 5 ],
			"to": [ 6, 14, 6 ],
			"faces": {
				"down": { "uv": [ 10, 12, 11, 13 ], "texture": "#stand" },
				"up": { "uv": [ 10, 2, 11, 3 ], "texture": "#stand" },
				"north": { "uv": [ 10, 2, 11, 13 ], "texture": "#stand" },
				"south": { "uv": [ 10, 2, 11, 13 ], "texture": "#stand" },
				"west": { "uv": [ 10, 2, 11, 13 ], "texture": "#stand" },
				"east": { "uv": [ 10, 2, 11, 13 ], "texture": "#stand" }
			}
		},
		{
			"__comment": "Box5",
			"from": [ 4, 12, 4 ],
			"to": [ 5, 14, 5 ],
			"faces": {
				"down": { "uv": [ 11, 3, 12, 4 ], "texture": "#stand" },
				"up": { "uv": [ 11, 2, 12, 3 ], "texture": "#stand" },
				"north": { "uv": [ 11, 2, 12, 4 ], "texture": "#stand" },
				"south": { "uv": [ 11, 2, 12, 4 ], "texture": "#stand" },
				"west": { "uv": [ 11, 2, 12, 4 ], "texture": "#stand" },
				"east": { "uv": [ 11, 2, 12, 4 ], "texture": "#stand" }
			}
		},
		{
			"__comment": "Box6",
			"from": [ 3, 7, 3 ],
			"to": [ 4, 16, 4 ],
			"faces": {
				"down": { "uv": [ 12, 8, 13, 9 ], "texture": "#stand" },
				"up": { "uv": [ 12, 0, 13, 1 ], "texture": "#stand" },
				"north": { "uv": [ 12, 0, 13, 9 ], "texture": "#stand" },
				"south": { "uv": [ 12, 0, 13, 9 ], "texture": "#stand" },
				"west": { "uv": [ 12, 0, 13, 9 ], "texture": "#stand" },
				"east": { "uv": [ 12, 0, 13, 9 ], "texture": "#stand" }
			}
		}
	]
}