{
	"__comment": "Made by Mickey Joe Alpha",
	"textures": {
		"particle": "blocks/brewing_stand",
		"stand": "blocks/brewing_stand"
	},
	"elements": [ 	 
		{
			"__comment": "Box3",
			"from": [ 6, 3, 9 ],
			"to": [ 7, 14, 10 ],
			"faces": {
				"down": { "uv": [ 6, 12, 7, 13 ], "texture": "#stand" },
				"up": { "uv": [ 6, 2, 7, 3 ], "texture": "#stand" },
				"north": { "uv": [ 6, 2, 7, 13 ], "texture": "#stand" },
				"south": { "uv": [ 6, 2, 7, 13 ], "texture": "#stand" },
				"west": { "uv": [ 6, 2, 7, 13 ], "texture": "#stand" },
				"east": { "uv": [ 6, 2, 7, 13 ], "texture": "#stand" }
			}
		},
		{
			"__comment": "Box4",
			"from": [ 5, 3, 10 ],
			"to": [ 6, 14, 11 ],
			"faces": {
				"down": { "uv": [ 5, 12, 6, 13 ], "texture": "#stand" },
				"up": { "uv": [ 5, 2, 6, 3 ], "texture": "#stand" },
				"north": { "uv": [ 5, 2, 6, 13 ], "texture": "#stand" },
				"south": { "uv": [ 5, 2, 6, 13 ], "texture": "#stand" },
				"west": { "uv": [ 5, 2, 6, 13 ], "texture": "#stand" },
				"east": { "uv": [ 5, 2, 6, 13 ], "texture": "#stand" }
			}
		},
		{
			"__comment": "Box5",
			"from": [ 4, 12, 11 ],
			"to": [ 5, 14, 12 ],
			"faces": {
				"down": { "uv": [ 4, 3, 5, 4 ], "texture": "#stand" },
				"up": { "uv": [ 4, 2, 5, 3 ], "texture": "#stand" },
				"north": { "uv": [ 4, 2, 5, 4 ], "texture": "#stand" },
				"south": { "uv": [ 4, 2, 5, 4 ], "texture": "#stand" },
				"west": { "uv": [ 4, 2, 5, 4 ], "texture": "#stand" },
				"east": { "uv": [ 4, 2, 5, 4 ], "texture": "#stand" }
			}
		},
		{
			"__comment": "Box6",
			"from": [ 3, 10, 12 ],
			"to": [ 4, 16, 13 ],
			"faces": {
				"down": { "uv": [ 3, 5, 4, 6 ], "texture": "#stand" },
				"up": { "uv": [ 3, 0, 4, 1 ], "texture": "#stand" },
				"north": { "uv": [ 3, 0.5, 4, 6 ], "texture": "#stand" },
				"south": { "uv": [ 3, 0.5, 4, 6 ], "texture": "#stand" },
				"west": { "uv": [ 3, 0.5, 4, 6 ], "texture": "#stand" },
				"east": { "uv": [ 3, 0.5, 4, 6 ], "texture": "#stand" }
			}
		},
		{
			"__comment": "Box7",
			"from": [ 2, 9, 13 ],
			"to": [ 3, 10, 14 ],
			"faces": {
				"down": { "uv": [ 2, 6, 3, 7 ], "texture": "#stand" },
				"up": { "uv": [ 2, 6, 3, 7 ], "texture": "#stand" },
				"north": { "uv": [ 2, 6, 3, 7 ], "texture": "#stand" },
				"south": { "uv": [ 2, 6, 3, 7 ], "texture": "#stand" },
				"west": { "uv": [ 2, 6, 3, 7 ], "texture": "#stand" },
				"east": { "uv": [ 2, 6, 3, 7 ], "texture": "#stand" }
			}
		},
		{
			"__comment": "PlaneX8",
			"from": [ 0.75, 2, 11.75 ],
			"to": [ 0.751, 9, 16.75 ],
			"rotation": { "origin": [ 0.75, 2, 11.75 ], "axis": "y", "angle": 45 },
			"faces": {
				"west": { "uv": [ 0, 7, 5, 14 ], "texture": "#stand" },
				"east": { "uv": [ 0, 7, 5, 14 ], "texture": "#stand" }
			}
		},
		{
			"__comment": "PlaneZ9",
			"from": [ 0.75, 2, 15.25 ],
			"to": [ 5.75, 9, 15.251 ],
			"rotation": { "origin": [ 0.75, 2, 15.25 ], "axis": "y", "angle": 45 },
			"faces": {
				"north": { "uv": [ 0, 7, 5, 14 ], "texture": "#stand" },
				"south": { "uv": [ 0, 7, 5, 14 ], "texture": "#stand" }
			}
		}
	]
}