{
	"__comment": "Made by Mickey Joe Alpha",
	"parent": "block/block",
	"textures": {
		"particle": "blocks/cactus_top",
		"texture": "blocks/cactus_side",
		"cactus_bottom": "blocks/cactus_bottom"
	},
	"elements": [
		{
			"from": [ 1, 0, 1 ],
			"to": [ 15, 16, 15 ],
			"faces": {
				"down": { "uv": [ 15, 15, 1, 1 ], "texture": "#cactus_bottom" },
				"up": { "uv": [ 1, 1, 15, 15 ], "texture": "#particle" },
				"north": { "uv": [ 1, 0, 15, 16 ], "texture": "#texture" },
				"south": { "uv": [ 1, 0, 15, 16 ], "texture": "#texture" },
				"west": { "uv": [ 1, 0, 15, 16 ], "texture": "#texture" },
				"east": { "uv": [ 1, 0, 15, 16 ], "texture": "#texture" }
			}
		},
		{
			"from": [ 1, 13, 0 ],
			"to": [ 2, 14, 1 ],
			"faces": {
				"down": { "uv": [ 2, 3, 1, 2 ], "texture": "#texture" },
				"up": { "uv": [ 1, 2, 2, 3 ], "texture": "#texture" },
				"north": { "uv": [ 1, 2, 2, 3 ], "texture": "#texture" },
				"west": { "uv": [ 1, 2, 2, 3 ], "texture": "#texture" },
				"east": { "uv": [ 1, 2, 2, 3 ], "texture": "#texture" }
			}
		},
		{
			"from": [ 0, 13, 1 ],
			"to": [ 1, 14, 2 ],
			"faces": {
				"down": { "uv": [ 2, 3, 1, 2 ], "texture": "#texture" },
				"up": { "uv": [ 1, 2, 2, 3 ], "texture": "#texture" },
				"north": { "uv": [ 1, 2, 2, 3 ], "texture": "#texture" },
				"south": { "uv": [ 1, 2, 2, 3 ], "texture": "#texture" },
				"west": { "uv": [ 1, 2, 2, 3 ], "texture": "#texture" }
			}
		},
		{
			"from": [ 0, 9, 1 ],
			"to": [ 1, 10, 2 ],
			"faces": {
				"down": { "uv": [ 2, 3, 1, 2 ], "texture": "#texture" },
				"up": { "uv": [ 1, 2, 2, 3 ], "texture": "#texture" },
				"north": { "uv": [ 1, 2, 2, 3 ], "texture": "#texture" },
				"south": { "uv": [ 1, 2, 2, 3 ], "texture": "#texture" },
				"west": { "uv": [ 1, 2, 2, 3 ], "texture": "#texture" }
			}
		},
		{
			"from": [ 1, 9, 0 ],
			"to": [ 2, 10, 1 ],
			"faces": {
				"down": { "uv": [ 2, 3, 1, 2 ], "texture": "#texture" },
				"up": { "uv": [ 1, 2, 2, 3 ], "texture": "#texture" },
				"north": { "uv": [ 1, 2, 2, 3 ], "texture": "#texture" },
				"west": { "uv": [ 1, 2, 2, 3 ], "texture": "#texture" },
				"east": { "uv": [ 1, 2, 2, 3 ], "texture": "#texture" }
			}
		},
		{
			"from": [ 1, 5, 0 ],
			"to": [ 2, 6, 1 ],
			"faces": {
				"down": { "uv": [ 2, 3, 1, 2 ], "texture": "#texture" },
				"up": { "uv": [ 1, 2, 2, 3 ], "texture": "#texture" },
				"north": { "uv": [ 1, 2, 2, 3 ], "texture": "#texture" },
				"west": { "uv": [ 1, 2, 2, 3 ], "texture": "#texture" },
				"east": { "uv": [ 1, 2, 2, 3 ], "texture": "#texture" }
			}
		},
		{
			"from": [ 0, 3, 1 ],
			"to": [ 1, 4, 2 ],
			"faces": {
				"down": { "uv": [ 2, 3, 1, 2 ], "texture": "#texture" },
				"up": { "uv": [ 1, 2, 2, 3 ], "texture": "#texture" },
				"north": { "uv": [ 1, 2, 2, 3 ], "texture": "#texture" },
				"south": { "uv": [ 1, 2, 2, 3 ], "texture": "#texture" },
				"west": { "uv": [ 1, 2, 2, 3 ], "texture": "#texture" }
			}
		},
		{
			"from": [ 0, 3, 8 ],
			"to": [ 1, 4, 9 ],
			"faces": {
				"down": { "uv": [ 2, 3, 1, 2 ], "texture": "#texture" },
				"up": { "uv": [ 1, 2, 2, 3 ], "texture": "#texture" },
				"north": { "uv": [ 1, 2, 2, 3 ], "texture": "#texture" },
				"south": { "uv": [ 1, 2, 2, 3 ], "texture": "#texture" },
				"west": { "uv": [ 1, 2, 2, 3 ], "texture": "#texture" }
			}
		},
		{
			"from": [ 0, 1, 7 ],
			"to": [ 1, 2, 8 ],
			"faces": {
				"down": { "uv": [ 2, 3, 1, 2 ], "texture": "#texture" },
				"up": { "uv": [ 1, 2, 2, 3 ], "texture": "#texture" },
				"north": { "uv": [ 1, 2, 2, 3 ], "texture": "#texture" },
				"south": { "uv": [ 1, 2, 2, 3 ], "texture": "#texture" },
				"west": { "uv": [ 1, 2, 2, 3 ], "texture": "#texture" }
			}
		},
		{
			"from": [ 0, 6, 7 ],
			"to": [ 1, 7, 8 ],
			"faces": {
				"down": { "uv": [ 2, 3, 1, 2 ], "texture": "#texture" },
				"up": { "uv": [ 1, 2, 2, 3 ], "texture": "#texture" },
				"north": { "uv": [ 1, 2, 2, 3 ], "texture": "#texture" },
				"south": { "uv": [ 1, 2, 2, 3 ], "texture": "#texture" },
				"west": { "uv": [ 1, 2, 2, 3 ], "texture": "#texture" }
			}
		},
		{
			"from": [ 0, 8, 8 ],
			"to": [ 1, 9, 9 ],
			"faces": {
				"down": { "uv": [ 2, 3, 1, 2 ], "texture": "#texture" },
				"up": { "uv": [ 1, 2, 2, 3 ], "texture": "#texture" },
				"north": { "uv": [ 1, 2, 2, 3 ], "texture": "#texture" },
				"south": { "uv": [ 1, 2, 2, 3 ], "texture": "#texture" },
				"west": { "uv": [ 1, 2, 2, 3 ], "texture": "#texture" }
			}
		},
		{
			"from": [ 0, 12, 8 ],
			"to": [ 1, 13, 9 ],
			"faces": {
				"down": { "uv": [ 2, 3, 1, 2 ], "texture": "#texture" },
				"up": { "uv": [ 1, 2, 2, 3 ], "texture": "#texture" },
				"north": { "uv": [ 1, 2, 2, 3 ], "texture": "#texture" },
				"south": { "uv": [ 1, 2, 2, 3 ], "texture": "#texture" },
				"west": { "uv": [ 1, 2, 2, 3 ], "texture": "#texture" }
			}
		},
		{
			"from": [ 0, 14, 7 ],
			"to": [ 1, 15, 8 ],
			"faces": {
				"down": { "uv": [ 2, 3, 1, 2 ], "texture": "#texture" },
				"up": { "uv": [ 1, 2, 2, 3 ], "texture": "#texture" },
				"north": { "uv": [ 1, 2, 2, 3 ], "texture": "#texture" },
				"south": { "uv": [ 1, 2, 2, 3 ], "texture": "#texture" },
				"west": { "uv": [ 1, 2, 2, 3 ], "texture": "#texture" }
			}
		},
		{
			"from": [ 8, 14, 0 ],
			"to": [ 9, 15, 1 ],
			"faces": {
				"down": { "uv": [ 2, 3, 1, 2 ], "texture": "#texture" },
				"up": { "uv": [ 1, 2, 2, 3 ], "texture": "#texture" },
				"north": { "uv": [ 1, 2, 2, 3 ], "texture": "#texture" },
				"west": { "uv": [ 1, 2, 2, 3 ], "texture": "#texture" },
				"east": { "uv": [ 1, 2, 2, 3 ], "texture": "#texture" }
			}
		},
		{
			"from": [ 7, 12, 0 ],
			"to": [ 8, 13, 1 ],
			"faces": {
				"down": { "uv": [ 2, 3, 1, 2 ], "texture": "#texture" },
				"up": { "uv": [ 1, 2, 2, 3 ], "texture": "#texture" },
				"north": { "uv": [ 1, 2, 2, 3 ], "texture": "#texture" },
				"west": { "uv": [ 1, 2, 2, 3 ], "texture": "#texture" },
				"east": { "uv": [ 1, 2, 2, 3 ], "texture": "#texture" }
			}
		},
		{
			"from": [ 7, 8, 0 ],
			"to": [ 8, 9, 1 ],
			"faces": {
				"down": { "uv": [ 2, 3, 1, 2 ], "texture": "#texture" },
				"up": { "uv": [ 1, 2, 2, 3 ], "texture": "#texture" },
				"north": { "uv": [ 1, 2, 2, 3 ], "texture": "#texture" },
				"west": { "uv": [ 1, 2, 2, 3 ], "texture": "#texture" },
				"east": { "uv": [ 1, 2, 2, 3 ], "texture": "#texture" }
			}
		},
		{
			"from": [ 8, 6, 0 ],
			"to": [ 9, 7, 1 ],
			"faces": {
				"down": { "uv": [ 2, 3, 1, 2 ], "texture": "#texture" },
				"up": { "uv": [ 1, 2, 2, 3 ], "texture": "#texture" },
				"north": { "uv": [ 1, 2, 2, 3 ], "texture": "#texture" },
				"west": { "uv": [ 1, 2, 2, 3 ], "texture": "#texture" },
				"east": { "uv": [ 1, 2, 2, 3 ], "texture": "#texture" }
			}
		},
		{
			"from": [ 7, 3, 0 ],
			"to": [ 8, 4, 1 ],
			"faces": {
				"down": { "uv": [ 2, 3, 1, 2 ], "texture": "#texture" },
				"up": { "uv": [ 1, 2, 2, 3 ], "texture": "#texture" },
				"north": { "uv": [ 1, 2, 2, 3 ], "texture": "#texture" },
				"west": { "uv": [ 1, 2, 2, 3 ], "texture": "#texture" },
				"east": { "uv": [ 1, 2, 2, 3 ], "texture": "#texture" }
			}
		},
		{
			"from": [ 8, 1, 0 ],
			"to": [ 9, 2, 1 ],
			"faces": {
				"down": { "uv": [ 2, 3, 1, 2 ], "texture": "#texture" },
				"up": { "uv": [ 1, 2, 2, 3 ], "texture": "#texture" },
				"north": { "uv": [ 1, 2, 2, 3 ], "texture": "#texture" },
				"west": { "uv": [ 1, 2, 2, 3 ], "texture": "#texture" },
				"east": { "uv": [ 1, 2, 2, 3 ], "texture": "#texture" }
			}
		},
		{
			"from": [ 8, 8, 15 ],
			"to": [ 9, 9, 16 ],
			"faces": {
				"down": { "uv": [ 2, 3, 1, 2 ], "texture": "#texture" },
				"up": { "uv": [ 1, 2, 2, 3 ], "texture": "#texture" },
				"south": { "uv": [ 1, 2, 2, 3 ], "texture": "#texture" },
				"west": { "uv": [ 1, 2, 2, 3 ], "texture": "#texture" },
				"east": { "uv": [ 1, 2, 2, 3 ], "texture": "#texture" }
			}
		},
		{
			"from": [ 7, 6, 15 ],
			"to": [ 8, 7, 16 ],
			"faces": {
				"down": { "uv": [ 2, 3, 1, 2 ], "texture": "#texture" },
				"up": { "uv": [ 1, 2, 2, 3 ], "texture": "#texture" },
				"south": { "uv": [ 1, 2, 2, 3 ], "texture": "#texture" },
				"west": { "uv": [ 1, 2, 2, 3 ], "texture": "#texture" },
				"east": { "uv": [ 1, 2, 2, 3 ], "texture": "#texture" }
			}
		},
		{
			"from": [ 8, 12, 15 ],
			"to": [ 9, 13, 16 ],
			"faces": {
				"down": { "uv": [ 2, 3, 1, 2 ], "texture": "#texture" },
				"up": { "uv": [ 1, 2, 2, 3 ], "texture": "#texture" },
				"south": { "uv": [ 1, 2, 2, 3 ], "texture": "#texture" },
				"west": { "uv": [ 1, 2, 2, 3 ], "texture": "#texture" },
				"east": { "uv": [ 1, 2, 2, 3 ], "texture": "#texture" }
			}
		},
		{
			"from": [ 7, 14, 15 ],
			"to": [ 8, 15, 16 ],
			"faces": {
				"down": { "uv": [ 2, 3, 1, 2 ], "texture": "#texture" },
				"up": { "uv": [ 1, 2, 2, 3 ], "texture": "#texture" },
				"south": { "uv": [ 1, 2, 2, 3 ], "texture": "#texture" },
				"west": { "uv": [ 1, 2, 2, 3 ], "texture": "#texture" },
				"east": { "uv": [ 1, 2, 2, 3 ], "texture": "#texture" }
			}
		},
		{
			"from": [ 8, 3, 15 ],
			"to": [ 9, 4, 16 ],
			"faces": {
				"down": { "uv": [ 2, 3, 1, 2 ], "texture": "#texture" },
				"up": { "uv": [ 1, 2, 2, 3 ], "texture": "#texture" },
				"south": { "uv": [ 1, 2, 2, 3 ], "texture": "#texture" },
				"west": { "uv": [ 1, 2, 2, 3 ], "texture": "#texture" },
				"east": { "uv": [ 1, 2, 2, 3 ], "texture": "#texture" }
			}
		},
		{
			"from": [ 7, 1, 15 ],
			"to": [ 8, 2, 16 ],
			"faces": {
				"down": { "uv": [ 2, 3, 1, 2 ], "texture": "#texture" },
				"up": { "uv": [ 1, 2, 2, 3 ], "texture": "#texture" },
				"south": { "uv": [ 1, 2, 2, 3 ], "texture": "#texture" },
				"west": { "uv": [ 1, 2, 2, 3 ], "texture": "#texture" },
				"east": { "uv": [ 1, 2, 2, 3 ], "texture": "#texture" }
			}
		},
		{
			"from": [ 15, 12, 7 ],
			"to": [ 16, 13, 8 ],
			"faces": {
				"down": { "uv": [ 2, 3, 1, 2 ], "texture": "#texture" },
				"up": { "uv": [ 1, 2, 2, 3 ], "texture": "#texture" },
				"north": { "uv": [ 1, 2, 2, 3 ], "texture": "#texture" },
				"south": { "uv": [ 1, 2, 2, 3 ], "texture": "#texture" },
				"east": { "uv": [ 1, 2, 2, 3 ], "texture": "#texture" }
			}
		},
		{
			"from": [ 15, 14, 8 ],
			"to": [ 16, 15, 9 ],
			"faces": {
				"down": { "uv": [ 2, 3, 1, 2 ], "texture": "#texture" },
				"up": { "uv": [ 1, 2, 2, 3 ], "texture": "#texture" },
				"north": { "uv": [ 1, 2, 2, 3 ], "texture": "#texture" },
				"south": { "uv": [ 1, 2, 2, 3 ], "texture": "#texture" },
				"east": { "uv": [ 1, 2, 2, 3 ], "texture": "#texture" }
			}
		},
		{
			"from": [ 15, 8, 7 ],
			"to": [ 16, 9, 8 ],
			"faces": {
				"down": { "uv": [ 2, 3, 1, 2 ], "texture": "#texture" },
				"up": { "uv": [ 1, 2, 2, 3 ], "texture": "#texture" },
				"north": { "uv": [ 1, 2, 2, 3 ], "texture": "#texture" },
				"south": { "uv": [ 1, 2, 2, 3 ], "texture": "#texture" },
				"east": { "uv": [ 1, 2, 2, 3 ], "texture": "#texture" }
			}
		},
		{
			"from": [ 15, 6, 8 ],
			"to": [ 16, 7, 9 ],
			"faces": {
				"down": { "uv": [ 2, 3, 1, 2 ], "texture": "#texture" },
				"up": { "uv": [ 1, 2, 2, 3 ], "texture": "#texture" },
				"north": { "uv": [ 1, 2, 2, 3 ], "texture": "#texture" },
				"south": { "uv": [ 1, 2, 2, 3 ], "texture": "#texture" },
				"east": { "uv": [ 1, 2, 2, 3 ], "texture": "#texture" }
			}
		},
		{
			"from": [ 15, 3, 7 ],
			"to": [ 16, 4, 8 ],
			"faces": {
				"down": { "uv": [ 2, 3, 1, 2 ], "texture": "#texture" },
				"up": { "uv": [ 1, 2, 2, 3 ], "texture": "#texture" },
				"north": { "uv": [ 1, 2, 2, 3 ], "texture": "#texture" },
				"south": { "uv": [ 1, 2, 2, 3 ], "texture": "#texture" },
				"east": { "uv": [ 1, 2, 2, 3 ], "texture": "#texture" }
			}
		},
		{
			"from": [ 15, 1, 8 ],
			"to": [ 16, 2, 9 ],
			"faces": {
				"down": { "uv": [ 2, 3, 1, 2 ], "texture": "#texture" },
				"up": { "uv": [ 1, 2, 2, 3 ], "texture": "#texture" },
				"north": { "uv": [ 1, 2, 2, 3 ], "texture": "#texture" },
				"south": { "uv": [ 1, 2, 2, 3 ], "texture": "#texture" },
				"east": { "uv": [ 1, 2, 2, 3 ], "texture": "#texture" }
			}
		},
		{
			"from": [ 0, 13, 14 ],
			"to": [ 1, 14, 15 ],
			"faces": {
				"down": { "uv": [ 2, 3, 1, 2 ], "texture": "#texture" },
				"up": { "uv": [ 1, 2, 2, 3 ], "texture": "#texture" },
				"north": { "uv": [ 1, 2, 2, 3 ], "texture": "#texture" },
				"south": { "uv": [ 1, 2, 2, 3 ], "texture": "#texture" },
				"west": { "uv": [ 1, 2, 2, 3 ], "texture": "#texture" }
			}
		},
		{
			"from": [ 0, 9, 14 ],
			"to": [ 1, 10, 15 ],
			"faces": {
				"down": { "uv": [ 2, 3, 1, 2 ], "texture": "#texture" },
				"up": { "uv": [ 1, 2, 2, 3 ], "texture": "#texture" },
				"north": { "uv": [ 1, 2, 2, 3 ], "texture": "#texture" },
				"south": { "uv": [ 1, 2, 2, 3 ], "texture": "#texture" },
				"west": { "uv": [ 1, 2, 2, 3 ], "texture": "#texture" }
			}
		},
		{
			"from": [ 0, 5, 14 ],
			"to": [ 1, 6, 15 ],
			"faces": {
				"down": { "uv": [ 2, 3, 1, 2 ], "texture": "#texture" },
				"up": { "uv": [ 1, 2, 2, 3 ], "texture": "#texture" },
				"north": { "uv": [ 1, 2, 2, 3 ], "texture": "#texture" },
				"south": { "uv": [ 1, 2, 2, 3 ], "texture": "#texture" },
				"west": { "uv": [ 1, 2, 2, 3 ], "texture": "#texture" }
			}
		},
		{
			"from": [ 1, 13, 15 ],
			"to": [ 2, 14, 16 ],
			"faces": {
				"down": { "uv": [ 2, 3, 1, 2 ], "texture": "#texture" },
				"up": { "uv": [ 1, 2, 2, 3 ], "texture": "#texture" },
				"south": { "uv": [ 1, 2, 2, 3 ], "texture": "#texture" },
				"west": { "uv": [ 1, 2, 2, 3 ], "texture": "#texture" },
				"east": { "uv": [ 1, 2, 2, 3 ], "texture": "#texture" }
			}
		},
		{
			"from": [ 1, 9, 15 ],
			"to": [ 2, 10, 16 ],
			"faces": {
				"down": { "uv": [ 2, 3, 1, 2 ], "texture": "#texture" },
				"up": { "uv": [ 1, 2, 2, 3 ], "texture": "#texture" },
				"south": { "uv": [ 1, 2, 2, 3 ], "texture": "#texture" },
				"west": { "uv": [ 1, 2, 2, 3 ], "texture": "#texture" },
				"east": { "uv": [ 1, 2, 2, 3 ], "texture": "#texture" }
			}
		},
		{
			"from": [ 1, 5, 15 ],
			"to": [ 2, 6, 16 ],
			"faces": {
				"down": { "uv": [ 2, 3, 1, 2 ], "texture": "#texture" },
				"up": { "uv": [ 1, 2, 2, 3 ], "texture": "#texture" },
				"south": { "uv": [ 1, 2, 2, 3 ], "texture": "#texture" },
				"west": { "uv": [ 1, 2, 2, 3 ], "texture": "#texture" },
				"east": { "uv": [ 1, 2, 2, 3 ], "texture": "#texture" }
			}
		},
		{
			"from": [ 1, 3, 15 ],
			"to": [ 2, 4, 16 ],
			"faces": {
				"down": { "uv": [ 2, 3, 1, 2 ], "texture": "#texture" },
				"up": { "uv": [ 1, 2, 2, 3 ], "texture": "#texture" },
				"south": { "uv": [ 1, 2, 2, 3 ], "texture": "#texture" },
				"west": { "uv": [ 1, 2, 2, 3 ], "texture": "#texture" },
				"east": { "uv": [ 1, 2, 2, 3 ], "texture": "#texture" }
			}
		},
		{
			"from": [ 14, 13, 15 ],
			"to": [ 15, 14, 16 ],
			"faces": {
				"down": { "uv": [ 2, 3, 1, 2 ], "texture": "#texture" },
				"up": { "uv": [ 1, 2, 2, 3 ], "texture": "#texture" },
				"south": { "uv": [ 1, 2, 2, 3 ], "texture": "#texture" },
				"west": { "uv": [ 1, 2, 2, 3 ], "texture": "#texture" },
				"east": { "uv": [ 1, 2, 2, 3 ], "texture": "#texture" }
			}
		},
		{
			"from": [ 14, 9, 15 ],
			"to": [ 15, 10, 16 ],
			"faces": {
				"down": { "uv": [ 2, 3, 1, 2 ], "texture": "#texture" },
				"up": { "uv": [ 1, 2, 2, 3 ], "texture": "#texture" },
				"south": { "uv": [ 1, 2, 2, 3 ], "texture": "#texture" },
				"west": { "uv": [ 1, 2, 2, 3 ], "texture": "#texture" },
				"east": { "uv": [ 1, 2, 2, 3 ], "texture": "#texture" }
			}
		},
		{
			"from": [ 14, 5, 15 ],
			"to": [ 15, 6, 16 ],
			"faces": {
				"down": { "uv": [ 2, 3, 1, 2 ], "texture": "#texture" },
				"up": { "uv": [ 1, 2, 2, 3 ], "texture": "#texture" },
				"south": { "uv": [ 1, 2, 2, 3 ], "texture": "#texture" },
				"west": { "uv": [ 1, 2, 2, 3 ], "texture": "#texture" },
				"east": { "uv": [ 1, 2, 2, 3 ], "texture": "#texture" }
			}
		},
		{
			"from": [ 15, 13, 14 ],
			"to": [ 16, 14, 15 ],
			"faces": {
				"down": { "uv": [ 2, 3, 1, 2 ], "texture": "#texture" },
				"up": { "uv": [ 1, 2, 2, 3 ], "texture": "#texture" },
				"north": { "uv": [ 1, 2, 2, 3 ], "texture": "#texture" },
				"south": { "uv": [ 1, 2, 2, 3 ], "texture": "#texture" },
				"east": { "uv": [ 1, 2, 2, 3 ], "texture": "#texture" }
			}
		},
		{
			"from": [ 15, 9, 14 ],
			"to": [ 16, 10, 15 ],
			"faces": {
				"down": { "uv": [ 2, 3, 1, 2 ], "texture": "#texture" },
				"up": { "uv": [ 1, 2, 2, 3 ], "texture": "#texture" },
				"north": { "uv": [ 1, 2, 2, 3 ], "texture": "#texture" },
				"south": { "uv": [ 1, 2, 2, 3 ], "texture": "#texture" },
				"east": { "uv": [ 1, 2, 2, 3 ], "texture": "#texture" }
			}
		},
		{
			"from": [ 15, 3, 14 ],
			"to": [ 16, 4, 15 ],
			"faces": {
				"down": { "uv": [ 2, 3, 1, 2 ], "texture": "#texture" },
				"up": { "uv": [ 1, 2, 2, 3 ], "texture": "#texture" },
				"north": { "uv": [ 1, 2, 2, 3 ], "texture": "#texture" },
				"south": { "uv": [ 1, 2, 2, 3 ], "texture": "#texture" },
				"east": { "uv": [ 1, 2, 2, 3 ], "texture": "#texture" }
			}
		},
		{
			"from": [ 14, 13, 0 ],
			"to": [ 15, 14, 1 ],
			"faces": {
				"down": { "uv": [ 2, 3, 1, 2 ], "texture": "#texture" },
				"up": { "uv": [ 1, 2, 2, 3 ], "texture": "#texture" },
				"north": { "uv": [ 1, 2, 2, 3 ], "texture": "#texture" },
				"west": { "uv": [ 1, 2, 2, 3 ], "texture": "#texture" },
				"east": { "uv": [ 1, 2, 2, 3 ], "texture": "#texture" }
			}
		},
		{
			"from": [ 14, 9, 0 ],
			"to": [ 15, 10, 1 ],
			"faces": {
				"down": { "uv": [ 2, 3, 1, 2 ], "texture": "#texture" },
				"up": { "uv": [ 1, 2, 2, 3 ], "texture": "#texture" },
				"north": { "uv": [ 1, 2, 2, 3 ], "texture": "#texture" },
				"west": { "uv": [ 1, 2, 2, 3 ], "texture": "#texture" },
				"east": { "uv": [ 1, 2, 2, 3 ], "texture": "#texture" }
			}
		},
		{
			"from": [ 14, 3, 0 ],
			"to": [ 15, 4, 1 ],
			"faces": {
				"down": { "uv": [ 2, 3, 1, 2 ], "texture": "#texture" },
				"up": { "uv": [ 1, 2, 2, 3 ], "texture": "#texture" },
				"north": { "uv": [ 1, 2, 2, 3 ], "texture": "#texture" },
				"west": { "uv": [ 1, 2, 2, 3 ], "texture": "#texture" },
				"east": { "uv": [ 1, 2, 2, 3 ], "texture": "#texture" }
			}
		},
		{
			"from": [ 15, 13, 1 ],
			"to": [ 16, 14, 2 ],
			"faces": {
				"down": { "uv": [ 2, 3, 1, 2 ], "texture": "#texture" },
				"up": { "uv": [ 1, 2, 2, 3 ], "texture": "#texture" },
				"north": { "uv": [ 1, 2, 2, 3 ], "texture": "#texture" },
				"south": { "uv": [ 1, 2, 2, 3 ], "texture": "#texture" },
				"east": { "uv": [ 1, 2, 2, 3 ], "texture": "#texture" }
			}
		},
		{
			"from": [ 15, 9, 1 ],
			"to": [ 16, 10, 2 ],
			"faces": {
				"down": { "uv": [ 2, 3, 1, 2 ], "texture": "#texture" },
				"up": { "uv": [ 1, 2, 2, 3 ], "texture": "#texture" },
				"north": { "uv": [ 1, 2, 2, 3 ], "texture": "#texture" },
				"south": { "uv": [ 1, 2, 2, 3 ], "texture": "#texture" },
				"east": { "uv": [ 1, 2, 2, 3 ], "texture": "#texture" }
			}
		},
		{
			"from": [ 15, 5, 1 ],
			"to": [ 16, 6, 2 ],
			"faces": {
				"down": { "uv": [ 2, 3, 1, 2 ], "texture": "#texture" },
				"up": { "uv": [ 1, 2, 2, 3 ], "texture": "#texture" },
				"north": { "uv": [ 1, 2, 2, 3 ], "texture": "#texture" },
				"south": { "uv": [ 1, 2, 2, 3 ], "texture": "#texture" },
				"east": { "uv": [ 1, 2, 2, 3 ], "texture": "#texture" }
			}
		},
		{
			"from": [ 7, 16, 3 ],
			"to": [ 8, 17, 4 ],
			"faces": {
				"up": { "uv": [ 1, 2, 2, 3 ], "texture": "#texture" },
				"north": { "uv": [ 1, 2, 2, 3 ], "texture": "#texture" },
				"south": { "uv": [ 1, 2, 2, 3 ], "texture": "#texture" },
				"west": { "uv": [ 1, 2, 2, 3 ], "texture": "#texture" },
				"east": { "uv": [ 1, 2, 2, 3 ], "texture": "#texture" }
			}
		},
		{
			"from": [ 4, 16, 5 ],
			"to": [ 5, 17, 6 ],
			"faces": {
				"up": { "uv": [ 1, 2, 2, 3 ], "texture": "#texture" },
				"north": { "uv": [ 1, 2, 2, 3 ], "texture": "#texture" },
				"south": { "uv": [ 1, 2, 2, 3 ], "texture": "#texture" },
				"west": { "uv": [ 1, 2, 2, 3 ], "texture": "#texture" },
				"east": { "uv": [ 1, 2, 2, 3 ], "texture": "#texture" }
			}
		},
		{
			"from": [ 9, 16, 6 ],
			"to": [ 10, 17, 7 ],
			"faces": {
				"up": { "uv": [ 1, 2, 2, 3 ], "texture": "#texture" },
				"north": { "uv": [ 1, 2, 2, 3 ], "texture": "#texture" },
				"south": { "uv": [ 1, 2, 2, 3 ], "texture": "#texture" },
				"west": { "uv": [ 1, 2, 2, 3 ], "texture": "#texture" },
				"east": { "uv": [ 1, 2, 2, 3 ], "texture": "#texture" }
			}
		},
		{
			"from": [ 11, 16, 3 ],
			"to": [ 12, 17, 4 ],
			"faces": {
				"up": { "uv": [ 1, 2, 2, 3 ], "texture": "#texture" },
				"north": { "uv": [ 1, 2, 2, 3 ], "texture": "#texture" },
				"south": { "uv": [ 1, 2, 2, 3 ], "texture": "#texture" },
				"west": { "uv": [ 1, 2, 2, 3 ], "texture": "#texture" },
				"east": { "uv": [ 1, 2, 2, 3 ], "texture": "#texture" }
			}
		},
		{
			"from": [ 13.9375, 16, 5 ],
			"to": [ 14.9375, 17, 6 ],
			"faces": {
				"up": { "uv": [ 1, 2, 2, 3 ], "texture": "#texture" },
				"north": { "uv": [ 1, 2, 2, 3 ], "texture": "#texture" },
				"south": { "uv": [ 1, 2, 2, 3 ], "texture": "#texture" },
				"west": { "uv": [ 1, 2, 2, 3 ], "texture": "#texture" },
				"east": { "uv": [ 1, 2, 2, 3 ], "texture": "#texture" }
			}
		},
		{
			"from": [ 4, 16, 8 ],
			"to": [ 5, 17, 9 ],
			"faces": {
				"up": { "uv": [ 1, 2, 2, 3 ], "texture": "#texture" },
				"north": { "uv": [ 1, 2, 2, 3 ], "texture": "#texture" },
				"south": { "uv": [ 1, 2, 2, 3 ], "texture": "#texture" },
				"west": { "uv": [ 1, 2, 2, 3 ], "texture": "#texture" },
				"east": { "uv": [ 1, 2, 2, 3 ], "texture": "#texture" }
			}
		},
		{
			"from": [ 5, 16, 12 ],
			"to": [ 6, 17, 13 ],
			"faces": {
				"up": { "uv": [ 1, 2, 2, 3 ], "texture": "#texture" },
				"north": { "uv": [ 1, 2, 2, 3 ], "texture": "#texture" },
				"south": { "uv": [ 1, 2, 2, 3 ], "texture": "#texture" },
				"west": { "uv": [ 1, 2, 2, 3 ], "texture": "#texture" },
				"east": { "uv": [ 1, 2, 2, 3 ], "texture": "#texture" }
			}
		},
		{
			"from": [ 7, 16, 9 ],
			"to": [ 8, 17, 10 ],
			"faces": {
				"up": { "uv": [ 1, 2, 2, 3 ], "texture": "#texture" },
				"north": { "uv": [ 1, 2, 2, 3 ], "texture": "#texture" },
				"south": { "uv": [ 1, 2, 2, 3 ], "texture": "#texture" },
				"west": { "uv": [ 1, 2, 2, 3 ], "texture": "#texture" },
				"east": { "uv": [ 1, 2, 2, 3 ], "texture": "#texture" }
			}
		},
		{
			"from": [ 9, 16, 11 ],
			"to": [ 10, 17, 12 ],
			"faces": {
				"up": { "uv": [ 1, 2, 2, 3 ], "texture": "#texture" },
				"north": { "uv": [ 1, 2, 2, 3 ], "texture": "#texture" },
				"south": { "uv": [ 1, 2, 2, 3 ], "texture": "#texture" },
				"west": { "uv": [ 1, 2, 2, 3 ], "texture": "#texture" },
				"east": { "uv": [ 1, 2, 2, 3 ], "texture": "#texture" }
			}
		},
		{
			"from": [ 11, 16, 11 ],
			"to": [ 12, 17, 12 ],
			"faces": {
				"up": { "uv": [ 1, 2, 2, 3 ], "texture": "#texture" },
				"north": { "uv": [ 1, 2, 2, 3 ], "texture": "#texture" },
				"south": { "uv": [ 1, 2, 2, 3 ], "texture": "#texture" },
				"west": { "uv": [ 1, 2, 2, 3 ], "texture": "#texture" },
				"east": { "uv": [ 1, 2, 2, 3 ], "texture": "#texture" }
			}
		},
		{
			"from": [ 12, 16, 8 ],
			"to": [ 13, 17, 9 ],
			"faces": {
				"up": { "uv": [ 1, 2, 2, 3 ], "texture": "#texture" },
				"north": { "uv": [ 1, 2, 2, 3 ], "texture": "#texture" },
				"south": { "uv": [ 1, 2, 2, 3 ], "texture": "#texture" },
				"west": { "uv": [ 1, 2, 2, 3 ], "texture": "#texture" },
				"east": { "uv": [ 1, 2, 2, 3 ], "texture": "#texture" }
			}
		},
		{
			"from": [ 1.0625, 16, 3 ],
			"to": [ 2.0625, 17, 4 ],
			"faces": {
				"up": { "uv": [ 1, 2, 2, 3 ], "texture": "#texture" },
				"north": { "uv": [ 1, 2, 2, 3 ], "texture": "#texture" },
				"south": { "uv": [ 1, 2, 2, 3 ], "texture": "#texture" },
				"west": { "uv": [ 1, 2, 2, 3 ], "texture": "#texture" },
				"east": { "uv": [ 1, 2, 2, 3 ], "texture": "#texture" }
			}
		},
		{
			"from": [ 1.0625, 16, 7 ],
			"to": [ 2.0625, 17, 8 ],
			"faces": {
				"up": { "uv": [ 1, 2, 2, 3 ], "texture": "#texture" },
				"north": { "uv": [ 1, 2, 2, 3 ], "texture": "#texture" },
				"south": { "uv": [ 1, 2, 2, 3 ], "texture": "#texture" },
				"west": { "uv": [ 1, 2, 2, 3 ], "texture": "#texture" },
				"east": { "uv": [ 1, 2, 2, 3 ], "texture": "#texture" }
			}
		},
		{
			"from": [ 1.0625, 16, 10 ],
			"to": [ 2.0625, 17, 11 ],
			"faces": {
				"up": { "uv": [ 1, 2, 2, 3 ], "texture": "#texture" },
				"north": { "uv": [ 1, 2, 2, 3 ], "texture": "#texture" },
				"south": { "uv": [ 1, 2, 2, 3 ], "texture": "#texture" },
				"west": { "uv": [ 1, 2, 2, 3 ], "texture": "#texture" },
				"east": { "uv": [ 1, 2, 2, 3 ], "texture": "#texture" }
			}
		},
		{
			"from": [ 2, 16, 13.9375 ],
			"to": [ 3, 17, 14.9375 ],
			"faces": {
				"up": { "uv": [ 1, 2, 2, 3 ], "texture": "#texture" },
				"north": { "uv": [ 1, 2, 2, 3 ], "texture": "#texture" },
				"south": { "uv": [ 1, 2, 2, 3 ], "texture": "#texture" },
				"west": { "uv": [ 1, 2, 2, 3 ], "texture": "#texture" },
				"east": { "uv": [ 1, 2, 2, 3 ], "texture": "#texture" }
			}
		},
		{
			"from": [ 6, 16, 13.9375 ],
			"to": [ 7, 17, 14.9375 ],
			"faces": {
				"up": { "uv": [ 1, 2, 2, 3 ], "texture": "#texture" },
				"north": { "uv": [ 1, 2, 2, 3 ], "texture": "#texture" },
				"south": { "uv": [ 1, 2, 2, 3 ], "texture": "#texture" },
				"west": { "uv": [ 1, 2, 2, 3 ], "texture": "#texture" },
				"east": { "uv": [ 1, 2, 2, 3 ], "texture": "#texture" }
			}
		},
		{
			"from": [ 9, 16, 13.9375 ],
			"to": [ 10, 17, 14.9375 ],
			"faces": {
				"up": { "uv": [ 1, 2, 2, 3 ], "texture": "#texture" },
				"north": { "uv": [ 1, 2, 2, 3 ], "texture": "#texture" },
				"south": { "uv": [ 1, 2, 2, 3 ], "texture": "#texture" },
				"west": { "uv": [ 1, 2, 2, 3 ], "texture": "#texture" },
				"east": { "uv": [ 1, 2, 2, 3 ], "texture": "#texture" }
			}
		},
		{
			"from": [ 12, 16, 13.9375 ],
			"to": [ 13, 17, 14.9375 ],
			"faces": {
				"up": { "uv": [ 1, 2, 2, 3 ], "texture": "#texture" },
				"north": { "uv": [ 1, 2, 2, 3 ], "texture": "#texture" },
				"south": { "uv": [ 1, 2, 2, 3 ], "texture": "#texture" },
				"west": { "uv": [ 1, 2, 2, 3 ], "texture": "#texture" },
				"east": { "uv": [ 1, 2, 2, 3 ], "texture": "#texture" }
			}
		},
		{
			"from": [ 13.9375, 16, 11 ],
			"to": [ 14.9375, 17, 12 ],
			"faces": {
				"up": { "uv": [ 1, 2, 2, 3 ], "texture": "#texture" },
				"north": { "uv": [ 1, 2, 2, 3 ], "texture": "#texture" },
				"south": { "uv": [ 1, 2, 2, 3 ], "texture": "#texture" },
				"west": { "uv": [ 1, 2, 2, 3 ], "texture": "#texture" },
				"east": { "uv": [ 1, 2, 2, 3 ], "texture": "#texture" }
			}
		},
		{
			"from": [ 13.9375, 16, 8 ],
			"to": [ 14.9375, 17, 9 ],
			"faces": {
				"up": { "uv": [ 1, 2, 2, 3 ], "texture": "#texture" },
				"north": { "uv": [ 1, 2, 2, 3 ], "texture": "#texture" },
				"south": { "uv": [ 1, 2, 2, 3 ], "texture": "#texture" },
				"west": { "uv": [ 1, 2, 2, 3 ], "texture": "#texture" },
				"east": { "uv": [ 1, 2, 2, 3 ], "texture": "#texture" }
			}
		},
		{
			"from": [ 3, 16, 1.0625 ],
			"to": [ 4, 17, 2.0625 ],
			"faces": {
				"up": { "uv": [ 1, 2, 2, 3 ], "texture": "#texture" },
				"north": { "uv": [ 1, 2, 2, 3 ], "texture": "#texture" },
				"south": { "uv": [ 1, 2, 2, 3 ], "texture": "#texture" },
				"west": { "uv": [ 1, 2, 2, 3 ], "texture": "#texture" },
				"east": { "uv": [ 1, 2, 2, 3 ], "texture": "#texture" }
			}
		},
		{
			"from": [ 7, 16, 1.0625 ],
			"to": [ 8, 17, 2.0625 ],
			"faces": {
				"up": { "uv": [ 1, 2, 2, 3 ], "texture": "#texture" },
				"north": { "uv": [ 1, 2, 2, 3 ], "texture": "#texture" },
				"south": { "uv": [ 1, 2, 2, 3 ], "texture": "#texture" },
				"west": { "uv": [ 1, 2, 2, 3 ], "texture": "#texture" },
				"east": { "uv": [ 1, 2, 2, 3 ], "texture": "#texture" }
			}
		},
		{
			"from": [ 11, 16, 1.0625 ],
			"to": [ 12, 17, 2.0625 ],
			"faces": {
				"up": { "uv": [ 1, 2, 2, 3 ], "texture": "#texture" },
				"north": { "uv": [ 1, 2, 2, 3 ], "texture": "#texture" },
				"south": { "uv": [ 1, 2, 2, 3 ], "texture": "#texture" },
				"west": { "uv": [ 1, 2, 2, 3 ], "texture": "#texture" },
				"east": { "uv": [ 1, 2, 2, 3 ], "texture": "#texture" }
			}
		}
	]
}