{
	"__comment": "Made by Mickey Joe Alpha",
	"textures": {
		"particle": "blocks/cake_side",
		"bottom": "blocks/cake_bottom",
		"top": "blocks/cake_top",
		"side": "blocks/cake_side",
		"inner": "blocks/cake_inner"
	},
	"elements": [
		{
			"from": [ 11, 0, 1 ],
			"to": [ 15, 8, 15 ],
			"faces": {
				"down": { "uv": [ 1, 1, 15, 15 ], "texture": "#bottom", "cullface": "down" },
				"up": { "uv": [ 11, 1, 15, 15 ], "texture": "#top" },
				"north": { "uv": [ 1, 8, 5, 16 ], "texture": "#side" },
				"south": { "uv": [ 11, 8, 15, 16 ], "texture": "#side" },
				"west": { "uv": [ 1, 8, 15, 16 ], "texture": "#inner" },
				"east": { "uv": [ 1, 8, 15, 16 ], "texture": "#side" }
			}
		},
		{
			"__comment": "Cube3",
			"from": [ 12, 8, 2 ],
			"to": [ 13, 9, 3 ],
			"faces": {
				"up": { "uv": [ 12, 2, 13, 3 ], "texture": "#top" },
				"north": { "uv": [ 12, 2, 13, 3 ], "texture": "#top" },
				"south": { "uv": [ 12, 2, 13, 3 ], "texture": "#top" },
				"west": { "uv": [ 12, 2, 13, 3 ], "texture": "#top" },
				"east": { "uv": [ 12, 2, 13, 3 ], "texture": "#top" }
			}
		},
		{
			"__comment": "Cube11",
			"from": [ 11, 8, 8 ],
			"to": [ 13, 9, 10 ],
			"faces": {
				"up": { "uv": [ 11, 8, 13, 10 ], "texture": "#top" },
				"north": { "uv": [ 11, 8, 13, 9 ], "texture": "#top", "rotation": 180 },
				"south": { "uv": [ 11, 9, 13, 10 ], "texture": "#top" },
				"west": { "uv": [ 11, 8, 13, 9 ], "texture": "#top" },
				"east": { "uv": [ 11, 9, 13, 10 ], "texture": "#top" }
			}
		}
	]
}