{
	"__comment": "Made by Mickey Joe Alpha",
	"textures": {
		"particle": "blocks/cake_side",
		"bottom": "blocks/cake_bottom",
		"top": "blocks/cake_top",
		"side": "blocks/cake_side",
		"inner": "blocks/cake_inner"
	},
	"elements": [
		{
			"from": [ 7, 0, 1 ],
			"to": [ 15, 8, 15 ],
			"faces": {
				"down": { "uv": [ 1, 1, 15, 15 ], "texture": "#bottom", "cullface": "down" },
				"up": { "uv": [ 7, 1, 15, 15 ], "texture": "#top" },
				"north": { "uv": [ 1, 8, 9, 16 ], "texture": "#side" },
				"south": { "uv": [ 7, 8, 15, 16 ], "texture": "#side" },
				"west": { "uv": [ 1, 8, 15, 16 ], "texture": "#inner" },
				"east": { "uv": [ 1, 8, 15, 16 ], "texture": "#side" }
			}
		},
		{
			"__comment": "Cube3",
			"from": [ 12, 8, 2 ],
			"to": [ 13, 9, 3 ],
			"faces": {
				"up": { "uv": [ 12, 2, 13, 3 ], "texture": "#top" },
				"north": { "uv": [ 12, 2, 13, 3 ], "texture": "#top" },
				"south": { "uv": [ 12, 2, 13, 3 ], "texture": "#top" },
				"west": { "uv": [ 12, 2, 13, 3 ], "texture": "#top" },
				"east": { "uv": [ 12, 2, 13, 3 ], "texture": "#top" }
			}
		},
		{
			"__comment": "Cube4",
			"from": [ 9, 8, 4 ],
			"to": [ 10, 9, 5 ],
			"faces": {
				"up": { "uv": [ 9, 4, 10, 5 ], "texture": "#top" },
				"north": { "uv": [ 9, 4, 10, 5 ], "texture": "#top" },
				"south": { "uv": [ 9, 4, 10, 5 ], "texture": "#top" },
				"west": { "uv": [ 9, 4, 10, 5 ], "texture": "#top" },
				"east": { "uv": [ 9, 4, 10, 5 ], "texture": "#top" }
			}
		},
		{
			"__comment": "Cube7",
			"from": [ 7, 8, 7 ],
			"to": [ 9, 9, 9 ],
			"faces": {
				"up": { "uv": [ 7, 7, 9, 9 ], "texture": "#top" },
				"north": { "uv": [ 7, 7, 9, 8 ], "texture": "#top", "rotation": 180 },
				"south": { "uv": [ 7, 8, 9, 9 ], "texture": "#top" },
				"west": { "uv": [ 7, 7, 9, 8 ], "texture": "#top" },
				"east": { "uv": [ 7, 8, 9, 9 ], "texture": "#top" }
			}
		},
		{
			"__comment": "Cube8",
			"from": [ 10, 8, 6 ],
			"to": [ 11, 9, 7 ],
			"faces": {
				"up": { "uv": [ 10, 6, 11, 7 ], "texture": "#top" },
				"north": { "uv": [ 10, 6, 11, 7 ], "texture": "#top" },
				"south": { "uv": [ 10, 6, 11, 7 ], "texture": "#top" },
				"west": { "uv": [ 10, 6, 11, 7 ], "texture": "#top" },
				"east": { "uv": [ 10, 6, 11, 7 ], "texture": "#top" }
			}
		},
		{
			"__comment": "Cube9",
			"from": [ 8, 8, 11 ],
			"to": [ 10, 9, 13 ],
			"faces": {
				"up": { "uv": [ 8, 11, 10, 13 ], "texture": "#top" },
				"north": { "uv": [ 7, 7, 9, 8 ], "texture": "#top", "rotation": 180 },
				"south": { "uv": [ 7, 8, 9, 9 ], "texture": "#top" },
				"west": { "uv": [ 7, 7, 9, 8 ], "texture": "#top" },
				"east": { "uv": [ 8, 12, 10, 13 ], "texture": "#top" }
			}
		},
		{
			"__comment": "Cube11",
			"from": [ 11, 8, 8 ],
			"to": [ 13, 9, 10 ],
			"faces": {
				"up": { "uv": [ 11, 8, 13, 10 ], "texture": "#top" },
				"north": { "uv": [ 11, 8, 13, 9 ], "texture": "#top", "rotation": 180 },
				"south": { "uv": [ 11, 9, 13, 10 ], "texture": "#top" },
				"west": { "uv": [ 11, 8, 13, 9 ], "texture": "#top" },
				"east": { "uv": [ 11, 9, 13, 10 ], "texture": "#top" }
			}
		}
	]
}