{
	"__comment": "Made by Mickey Joe Alpha",
	"ambientocclusion": false,
	"textures": {
		"particle": "blocks/cocoa_stage_2",
		"texture": "blocks/cocoa_stage_2"
	},
	"elements": [
		{
			"from": [ 4, 3, 8 ],
			"to": [ 12, 12, 16 ],
			"faces": {
				"down": { "uv": [ 0, 0, 7, 7 ], "texture": "#texture" },
				"up": { "uv": [ 0, 0, 7, 7 ], "texture": "#texture" },
				"north": { "uv": [ 7, 4, 15, 13 ], "texture": "#texture" },
				"south": { "uv": [ 7, 4, 15, 13 ], "texture": "#texture" },
				"west": { "uv": [ 7, 4, 15, 13 ], "texture": "#texture" },
				"east": { "uv": [ 7, 4, 15, 13 ], "texture": "#texture" }
			}
		},
		{
			"from": [ 7.5, 12, 12 ],
			"to": [ 8.5, 14, 15 ],
			"faces": {
				"up": { "uv": [ 12, 2, 15, 3 ], "texture": "#texture", "rotation": 90 },
				"north": { "uv": [ 12, 2, 13, 4 ], "texture": "#texture" },
				"south": { "uv": [ 14, 2, 15, 4 ], "texture": "#texture" },
				"west": { "uv": [ 12, 2, 15, 4 ], "texture": "#texture" },
				"east": { "uv": [ 15, 2, 12, 4 ], "texture": "#texture" }
			}
		},
		{
			"from": [ 7.5, 14, 13 ],
			"to": [ 8.5, 15, 16 ],
			"faces": {
				"down": { "uv": [ 13, 1, 16, 2 ], "texture": "#texture", "rotation": 270 },
				"up": { "uv": [ 13, 1, 16, 2 ], "texture": "#texture", "rotation": 90 },
				"north": { "uv": [ 13, 1, 14, 2 ], "texture": "#texture" },
				"south": { "uv": [ 15, 1, 16, 2 ], "texture": "#texture" },
				"west": { "uv": [ 13, 1, 16, 2 ], "texture": "#texture" },
				"east": { "uv": [ 16, 1, 13, 2 ], "texture": "#texture" }
			}
		},
		{
			"from": [ 7.5, 15, 14 ],
			"to": [ 8.5, 16, 16 ],
			"faces": {
				"up": { "uv": [ 14, 0, 16, 1 ], "texture": "#texture", "rotation": 90 },
				"north": { "uv": [ 14, 0, 15, 1 ], "texture": "#texture" },
				"south": { "uv": [ 15, 0, 16, 1 ], "texture": "#texture" },
				"west": { "uv": [ 14, 0, 16, 1 ], "texture": "#texture" },
				"east": { "uv": [ 16, 0, 14, 1 ], "texture": "#texture" }
			}
		}
	]
}