{
	"__comment": "Made by Mickey Joe Alpha",
	"parent": "block/block",
	"textures": {
		"particle": "blocks/crafting_table_front",
		"bottom": "blocks/crafting_table_bottom",
		"front": "blocks/crafting_table_front",
		"side": "blocks/crafting_table_side",
		"top": "blocks/crafting_table_top"
	},
	"elements": [
		{
			"__comment": "Cube2",
			"from": [ 0, 0, 0 ],
			"to": [ 16, 16, 16 ],
			"faces": {
				"down": { "uv": [ 0, 0, 16, 16 ], "texture": "#bottom" },
				"up": { "uv": [ 0, 0, 16, 16 ], "texture": "#top" },
				"north": { "uv": [ 0, 0, 16, 16 ], "texture": "#front" },
				"south": { "uv": [ 0, 0, 16, 16 ], "texture": "#side" },
				"west": { "uv": [ 0, 0, 16, 16 ], "texture": "#front" },
				"east": { "uv": [ 0, 0, 16, 16 ], "texture": "#side" }
			}
		},
		{
			"__comment": "Cube3",
			"from": [ -1, 6, 3 ],
			"to": [ 0, 11, 4 ],
			"faces": {
				"down": { "uv": [ 3, 9, 4, 10 ], "texture": "#front" },
				"up": { "uv": [ 3, 5, 4, 6 ], "texture": "#front" },
				"north": { "uv": [ 3, 5, 4, 10 ], "texture": "#front" },
				"south": { "uv": [ 3, 5, 4, 10 ], "texture": "#front" },
				"west": { "uv": [ 3, 5, 4, 10 ], "texture": "#front" }
			}
		},
		{
			"__comment": "Cube4",
			"from": [ -1, 6, 2 ],
			"to": [ 0, 7, 3 ],
			"faces": {
				"down": { "uv": [ 2, 9, 3, 10 ], "texture": "#front" },
				"up": { "uv": [ 2, 9, 3, 10 ], "texture": "#front" },
				"north": { "uv": [ 2, 9, 3, 10 ], "texture": "#front" },
				"west": { "uv": [ 2, 9, 3, 10 ], "texture": "#front" }
			}
		},
		{
			"__comment": "Cube5",
			"from": [ -1, 5, 4 ],
			"to": [ 0, 8, 5 ],
			"faces": {
				"down": { "uv": [ 4, 10, 5, 11 ], "texture": "#front" },
				"up": { "uv": [ 4, 8, 5, 9 ], "texture": "#front" },
				"north": { "uv": [ 4, 8, 5, 11 ], "texture": "#front" },
				"south": { "uv": [ 4, 8, 5, 11 ], "texture": "#front" },
				"west": { "uv": [ 4, 8, 5, 11 ], "texture": "#front" }
			}
		},
		{
			"__comment": "Cube6",
			"from": [ -1, 8, 11 ],
			"to": [ 0, 13, 12 ],
			"faces": {
				"down": { "uv": [ 11, 7, 12, 8 ], "texture": "#front" },
				"up": { "uv": [ 11, 3, 12, 4 ], "texture": "#front" },
				"north": { "uv": [ 11, 3, 12, 8 ], "texture": "#front" },
				"south": { "uv": [ 11, 3, 12, 8 ], "texture": "#front" },
				"west": { "uv": [ 11, 3, 12, 8 ], "texture": "#front" }
			}
		},
		{
			"__comment": "Cube7",
			"from": [ -1, 12, 12 ],
			"to": [ 0, 13, 13 ],
			"faces": {
				"down": { "uv": [ 12, 3, 13, 4 ], "texture": "#front" },
				"up": { "uv": [ 12, 3, 13, 4 ], "texture": "#front" },
				"west": { "uv": [ 12, 3, 13, 4 ], "texture": "#front" }
			}
		},
		{
			"__comment": "Cube8",
			"from": [ -1, 3, 13 ],
			"to": [ 0, 13, 14 ],
			"faces": {
				"down": { "uv": [ 13, 12, 14, 13 ], "texture": "#front" },
				"up": { "uv": [ 13, 3, 14, 4 ], "texture": "#front" },
				"north": { "uv": [ 13, 3, 14, 13 ], "texture": "#front" },
				"south": { "uv": [ 13, 3, 14, 13 ], "texture": "#front" },
				"west": { "uv": [ 13, 3, 14, 13 ], "texture": "#front" }
			}
		},
		{
			"__comment": "Cube9",
			"from": [ -1, 5, 12 ],
			"to": [ 0, 11, 13 ],
			"faces": {
				"down": { "uv": [ 12, 10, 13, 11 ], "texture": "#front" },
				"up": { "uv": [ 12, 5, 13, 6 ], "texture": "#front" },
				"north": { "uv": [ 12, 5, 13, 11 ], "texture": "#front" },
				"west": { "uv": [ 12, 5, 13, 11 ], "texture": "#front" }
			}
		},
		{
			"__comment": "Cube10",
			"from": [ 3, 9, 16 ],
			"to": [ 4, 11, 17 ],
			"faces": {
				"down": { "uv": [ 3, 6, 4, 7 ], "texture": "#side" },
				"up": { "uv": [ 3, 5, 4, 6 ], "texture": "#side" },
				"south": { "uv": [ 3, 5, 4, 7 ], "texture": "#side" },
				"west": { "uv": [ 3, 5, 4, 7 ], "texture": "#side" },
				"east": { "uv": [ 3, 5, 4, 7 ], "texture": "#side" }
			}
		},
		{
			"__comment": "Cube11",
			"from": [ 5, 9, 16 ],
			"to": [ 6, 11, 17 ],
			"faces": {
				"down": { "uv": [ 5, 6, 6, 7 ], "texture": "#side" },
				"up": { "uv": [ 5, 5, 6, 6 ], "texture": "#side" },
				"south": { "uv": [ 5, 5, 6, 7 ], "texture": "#side" },
				"west": { "uv": [ 5, 5, 6, 7 ], "texture": "#side" },
				"east": { "uv": [ 5, 5, 6, 7 ], "texture": "#side" }
			}
		},
		{
			"__comment": "Cube12",
			"from": [ 4, 8, 16 ],
			"to": [ 5, 9, 17 ],
			"faces": {
				"down": { "uv": [ 4, 7, 5, 8 ], "texture": "#side" },
				"up": { "uv": [ 4, 7, 5, 8 ], "texture": "#side" },
				"south": { "uv": [ 4, 7, 5, 8 ], "texture": "#side" },
				"west": { "uv": [ 4, 7, 5, 8 ], "texture": "#side" },
				"east": { "uv": [ 4, 7, 5, 8 ], "texture": "#side" }
			}
		},
		{
			"__comment": "Cube13",
			"from": [ 3, 6, 16 ],
			"to": [ 4, 8, 17 ],
			"faces": {
				"down": { "uv": [ 3, 9, 4, 10 ], "texture": "#side" },
				"up": { "uv": [ 3, 8, 4, 9 ], "texture": "#side" },
				"south": { "uv": [ 3, 8, 4, 10 ], "texture": "#side" },
				"west": { "uv": [ 3, 8, 4, 10 ], "texture": "#side" },
				"east": { "uv": [ 3, 8, 4, 10 ], "texture": "#side" }
			}
		},
		{
			"__comment": "Cube14",
			"from": [ 5, 6, 16 ],
			"to": [ 6, 8, 17 ],
			"faces": {
				"down": { "uv": [ 5, 9, 6, 10 ], "texture": "#side" },
				"up": { "uv": [ 5, 8, 6, 9 ], "texture": "#side" },
				"south": { "uv": [ 5, 8, 6, 10 ], "texture": "#side" },
				"west": { "uv": [ 5, 8, 6, 10 ], "texture": "#side" },
				"east": { "uv": [ 5, 8, 6, 10 ], "texture": "#side" }
			}
		},
		{
			"__comment": "Cube15",
			"from": [ 3, 12, -1 ],
			"to": [ 4, 13, 0 ],
			"faces": {
				"down": { "uv": [ 12, 3, 13, 4 ], "texture": "#front" },
				"up": { "uv": [ 12, 3, 13, 4 ], "texture": "#front" },
				"north": { "uv": [ 12, 3, 13, 4 ], "texture": "#front" }
			}
		},
		{
			"__comment": "Cube16",
			"from": [ 2, 3, -1 ],
			"to": [ 3, 13, 0 ],
			"faces": {
				"down": { "uv": [ 13, 12, 14, 13 ], "texture": "#front" },
				"up": { "uv": [ 13, 3, 14, 4 ], "texture": "#front" },
				"north": { "uv": [ 13, 3, 14, 13 ], "texture": "#front" },
				"west": { "uv": [ 13, 3, 14, 13 ], "texture": "#front" },
				"east": { "uv": [ 13, 3, 14, 13 ], "texture": "#front" }
			}
		},
		{
			"__comment": "Cube17",
			"from": [ 4, 8, -1 ],
			"to": [ 5, 13, 0 ],
			"faces": {
				"down": { "uv": [ 11, 7, 12, 8 ], "texture": "#front" },
				"up": { "uv": [ 11, 3, 12, 4 ], "texture": "#front" },
				"north": { "uv": [ 11, 3, 12, 8 ], "texture": "#front" },
				"west": { "uv": [ 11, 3, 12, 8 ], "texture": "#front" },
				"east": { "uv": [ 11, 3, 12, 8 ], "texture": "#front" }
			}
		},
		{
			"__comment": "Cube18",
			"from": [ 3, 5, -1 ],
			"to": [ 4, 11, 0 ],
			"faces": {
				"down": { "uv": [ 12, 10, 13, 11 ], "texture": "#front" },
				"up": { "uv": [ 12, 5, 13, 6 ], "texture": "#front" },
				"north": { "uv": [ 12, 5, 13, 11 ], "texture": "#front" },
				"east": { "uv": [ 12, 5, 13, 11 ], "texture": "#front" }
			}
		},
		{
			"__comment": "Cube19",
			"from": [ 12, 6, -1 ],
			"to": [ 13, 11, 0 ],
			"faces": {
				"down": { "uv": [ 3, 9, 4, 10 ], "texture": "#front" },
				"up": { "uv": [ 3, 5, 4, 6 ], "texture": "#front" },
				"north": { "uv": [ 3, 5, 4, 10 ], "texture": "#front" },
				"west": { "uv": [ 3, 5, 4, 10 ], "texture": "#front" },
				"east": { "uv": [ 3, 5, 4, 10 ], "texture": "#front" }
			}
		},
		{
			"__comment": "Cube20",
			"from": [ 13, 6, -1 ],
			"to": [ 14, 7, 0 ],
			"faces": {
				"down": { "uv": [ 2, 9, 3, 10 ], "texture": "#front" },
				"up": { "uv": [ 2, 9, 3, 10 ], "texture": "#front" },
				"north": { "uv": [ 2, 9, 3, 10 ], "texture": "#front" },
				"east": { "uv": [ 2, 9, 3, 10 ], "texture": "#front" }
			}
		},
		{
			"__comment": "Cube21",
			"from": [ 11, 5, -1 ],
			"to": [ 12, 8, 0 ],
			"faces": {
				"down": { "uv": [ 4, 10, 5, 11 ], "texture": "#front" },
				"up": { "uv": [ 4, 8, 5, 9 ], "texture": "#front" },
				"north": { "uv": [ 4, 8, 5, 11 ], "texture": "#front" },
				"west": { "uv": [ 4, 8, 5, 11 ], "texture": "#front" },
				"east": { "uv": [ 4, 8, 5, 11 ], "texture": "#front" }
			}
		},
		{
			"__comment": "Cube22",
			"from": [ 16, 8, 11 ],
			"to": [ 17, 9, 12 ],
			"faces": {
				"down": { "uv": [ 4, 7, 5, 8 ], "texture": "#side" },
				"up": { "uv": [ 4, 7, 5, 8 ], "texture": "#side" },
				"north": { "uv": [ 4, 7, 5, 8 ], "texture": "#side" },
				"south": { "uv": [ 4, 7, 5, 8 ], "texture": "#side" },
				"east": { "uv": [ 4, 7, 5, 8 ], "texture": "#side" }
			}
		},
		{
			"__comment": "Cube23",
			"from": [ 16, 9, 10 ],
			"to": [ 17, 11, 11 ],
			"faces": {
				"down": { "uv": [ 5, 6, 6, 7 ], "texture": "#side" },
				"up": { "uv": [ 5, 5, 6, 6 ], "texture": "#side" },
				"north": { "uv": [ 5, 5, 6, 7 ], "texture": "#side" },
				"south": { "uv": [ 5, 5, 6, 7 ], "texture": "#side" },
				"east": { "uv": [ 5, 5, 6, 7 ], "texture": "#side" }
			}
		},
		{
			"__comment": "Cube24",
			"from": [ 16, 9, 12 ],
			"to": [ 17, 11, 13 ],
			"faces": {
				"down": { "uv": [ 3, 6, 4, 7 ], "texture": "#side" },
				"up": { "uv": [ 3, 5, 4, 6 ], "texture": "#side" },
				"north": { "uv": [ 3, 5, 4, 7 ], "texture": "#side" },
				"south": { "uv": [ 3, 5, 4, 7 ], "texture": "#side" },
				"east": { "uv": [ 3, 5, 4, 7 ], "texture": "#side" }
			}
		},
		{
			"__comment": "Cube25",
			"from": [ 16, 6, 12 ],
			"to": [ 17, 8, 13 ],
			"faces": {
				"down": { "uv": [ 3, 9, 4, 10 ], "texture": "#side" },
				"up": { "uv": [ 3, 8, 4, 9 ], "texture": "#side" },
				"north": { "uv": [ 3, 8, 4, 10 ], "texture": "#side" },
				"south": { "uv": [ 3, 8, 4, 10 ], "texture": "#side" },
				"east": { "uv": [ 3, 8, 4, 10 ], "texture": "#side" }
			}
		},
		{
			"__comment": "Cube26",
			"from": [ 16, 6, 10 ],
			"to": [ 17, 8, 11 ],
			"faces": {
				"down": { "uv": [ 5, 9, 6, 10 ], "texture": "#side" },
				"up": { "uv": [ 5, 8, 6, 9 ], "texture": "#side" },
				"north": { "uv": [ 5, 8, 6, 10 ], "texture": "#side" },
				"south": { "uv": [ 5, 8, 6, 10 ], "texture": "#side" },
				"east": { "uv": [ 5, 8, 6, 10 ], "texture": "#side" }
			}
		}
	]
}