{
	"__comment": "Made by Mickey Joe Alpha",
	"textures": {
		"particle": "blocks/door_dark_oak_lower",
		"bottom": "blocks/door_dark_oak_lower",
		"side": "blocks/door_side_lower_2",
		"sideopen": "blocks/door_side_lower_open_2",
		"edge": "blocks/door_top_2"
	},
	"elements": [
		{
			"from": [ 1, 0, 0 ],
			"to": [ 2, 16, 16 ],
			"faces": {
				"west": { "uv": [ 0, 0, 16, 16 ], "texture": "#bottom" },
				"east": { "uv": [ 16, 0, 0, 16 ], "texture": "#bottom" }
			}
		},
		{
			"from": [ 0, 0, 0 ],
			"to": [ 3, 3, 16 ],
			"faces": {
				"down": { "uv": [ 0, 3, 16, 6 ], "texture": "#edge", "rotation": 270 },
				"up": { "uv": [ 0, 13, 16, 14 ], "texture": "#bottom", "rotation": 90 },
				"north": { "uv": [ 0, 13, 3, 16 ], "texture": "#side" },
				"south": { "uv": [ 0, 13, 3, 16 ], "texture": "#sideopen" },
				"west": { "uv": [ 0, 13, 16, 16 ], "texture": "#bottom" },
				"east": { "uv": [ 16, 13, 0, 16 ], "texture": "#bottom" }
			}
		},
		{
			"from": [ 0, 14, 0 ],
			"to": [ 3, 16, 16 ],
			"faces": {
				"down": { "uv": [ 0, 1, 16, 2 ], "texture": "#bottom", "rotation": 270 },
				"north": { "uv": [ 0, 0, 3, 2 ], "texture": "#side" },
				"south": { "uv": [ 0, 0, 3, 2 ], "texture": "#sideopen" },
				"west": { "uv": [ 0, 0, 16, 2 ], "texture": "#bottom" },
				"east": { "uv": [ 16, 0, 0, 2 ], "texture": "#bottom" }
			}
		},
		{
			"from": [ 0, 3, 0 ],
			"to": [ 3, 14, 3 ],
			"faces": {
				"north": { "uv": [ 0, 2, 3, 13 ], "texture": "#side" },
				"south": { "uv": [ 3, 2, 2, 13 ], "texture": "#bottom" },
				"west": { "uv": [ 0, 2, 3, 13 ], "texture": "#bottom" },
				"east": { "uv": [ 3, 2, 0, 13 ], "texture": "#bottom" }
			}
		},
		{
			"from": [ 0, 3, 13 ],
			"to": [ 3, 14, 16 ],
			"faces": {
				"north": { "uv": [ 13, 2, 14, 13 ], "texture": "#bottom" },
				"south": { "uv": [ 0, 2, 3, 13 ], "texture": "#sideopen" },
				"west": { "uv": [ 13, 2, 16, 13 ], "texture": "#bottom" },
				"east": { "uv": [ 16, 2, 13, 13 ], "texture": "#bottom" }
			}
		},
		{
			"from": [ 0, 3, 6 ],
			"to": [ 3, 14, 10 ],
			"faces": {
				"north": { "uv": [ 6, 2, 7, 13 ], "texture": "#bottom" },
				"south": { "uv": [ 9, 2, 10, 13 ], "texture": "#bottom" },
				"west": { "uv": [ 6, 2, 10, 13 ], "texture": "#bottom" },
				"east": { "uv": [ 10, 2, 6, 13 ], "texture": "#bottom" }
			}
		},
		{
			"from": [ -1, 15, 11 ],
			"to": [ 4, 16, 12 ],
			"faces": {
				"down": { "uv": [ 11, 0, 12, 1 ], "texture": "#bottom" },
				"north": { "uv": [ 11, 0, 12, 1 ], "texture": "#bottom" },
				"south": { "uv": [ 11, 0, 12, 1 ], "texture": "#bottom" },
				"west": { "uv": [ 11, 0, 12, 1 ], "texture": "#bottom" },
				"east": { "uv": [ 11, 0, 12, 1 ], "texture": "#bottom" }
			}
		}
	]
}