{
	"__comment": "Made by Mickey Joe Alpha",
	"textures": {
		"particle": "blocks/door_dark_oak_upper",
		"top": "blocks/door_dark_oak_upper",
		"bottom": "blocks/door_dark_oak_lower",
		"side": "blocks/door_side_upper_2",
		"sideopen": "blocks/door_side_upper_open_2",
		"edge": "blocks/door_top_2"
	},
	"elements": [
		{
			"from": [ 1, 0, 0 ],
			"to": [ 2, 16, 16 ],
			"faces": {
				"west": { "uv": [ 16, 0, 0, 16 ], "texture": "#top" },
				"east": { "uv": [ 0, 0, 16, 16 ], "texture": "#top" }
			}
		},
		{
			"from": [ 0, 0, 0 ],
			"to": [ 3, 2, 16 ],
			"faces": {
				"up": { "uv": [ 0, 14, 16, 15 ], "texture": "#top", "rotation": 270 },
				"north": { "uv": [ 0, 14, 3, 16 ], "texture": "#sideopen" },
				"south": { "uv": [ 0, 14, 3, 16 ], "texture": "#side" },
				"west": { "uv": [ 16, 14, 0, 16 ], "texture": "#top" },
				"east": { "uv": [ 0, 14, 16, 16 ], "texture": "#top" }
			}
		},
		{
			"from": [ 0, 13, 0 ],
			"to": [ 3, 16, 16 ],
			"faces": {
				"down": { "uv": [ 0, 2, 16, 3 ], "texture": "#top", "rotation": 90 },
				"up": { "uv": [ 0, 3, 16, 6 ], "texture": "#edge", "rotation": 270 },
				"north": { "uv": [ 0, 0, 3, 3 ], "texture": "#sideopen" },
				"south": { "uv": [ 0, 0, 3, 3 ], "texture": "#side" },
				"west": { "uv": [ 16, 0, 0, 3 ], "texture": "#top" },
				"east": { "uv": [ 0, 0, 16, 3 ], "texture": "#top" }
			}
		},
		{
			"from": [ 0, 2, 13 ],
			"to": [ 3, 13, 16 ],
			"faces": {
				"north": { "uv": [ 3, 3, 2, 14 ], "texture": "#top" },
				"south": { "uv": [ 0, 3, 3, 14 ], "texture": "#side" },
				"west": { "uv": [ 3, 3, 0, 14 ], "texture": "#top" },
				"east": { "uv": [ 0, 3, 3, 14 ], "texture": "#top" }
			}
		},
		{
			"from": [ 0, 2, 0 ],
			"to": [ 3, 13, 3 ],
			"faces": {
				"north": { "uv": [ 0, 3, 3, 14 ], "texture": "#sideopen" },
				"south": { "uv": [ 13, 3, 14, 14 ], "texture": "#top" },
				"west": { "uv": [ 16, 3, 13, 14 ], "texture": "#top" },
				"east": { "uv": [ 13, 3, 16, 14 ], "texture": "#top" }
			}
		},
		{
			"from": [ 0, 2, 6 ],
			"to": [ 3, 13, 10 ],
			"faces": {
				"north": { "uv": [ 9, 3, 10, 14 ], "texture": "#top" },
				"south": { "uv": [ 6, 3, 7, 14 ], "texture": "#top" },
				"west": { "uv": [ 10, 3, 6, 14 ], "texture": "#top" },
				"east": { "uv": [ 6, 3, 10, 14 ], "texture": "#top" }
			}
		},
		{
			"from": [ -1, 0, 2 ],
			"to": [ 4, 1, 5 ],
			"faces": {
				"down": { "uv": [ 11, 15, 14, 16 ], "texture": "#top", "rotation": 90 },
				"up": { "uv": [ 11, 15, 14, 16 ], "texture": "#top", "rotation": 270 },
				"north": { "uv": [ 13, 15, 14, 16 ], "texture": "#top" },
				"south": { "uv": [ 11, 15, 12, 16 ], "texture": "#top" },
				"west": { "uv": [ 14, 15, 11, 16 ], "texture": "#top" },
				"east": { "uv": [ 11, 15, 14, 16 ], "texture": "#top" }
			}
		}
	]
}