{
	"__comment": "Made by Mickey Joe Alpha",
	"textures": {
		"particle": "blocks/furnace_side",
		"top": "blocks/dropper_front_vertical",
		"side": "blocks/furnace_side",
		"bottom": "blocks/furnace_bottom"
	},
	"elements": [
		{
			"__comment": "Cube1",
			"from": [ 0, 0, 0 ],
			"to": [ 16, 15, 16 ],
			"faces": {
				"down": { "uv": [ 0, 0, 16, 16 ], "texture": "#bottom" },
				"up": { "uv": [ 0, 0, 16, 16 ], "texture": "#top" },
				"north": { "uv": [ 0, 1, 16, 16 ], "texture": "#side" },
				"south": { "uv": [ 0, 1, 16, 16 ], "texture": "#side" },
				"west": { "uv": [ 0, 1, 16, 16 ], "texture": "#side" },
				"east": { "uv": [ 0, 1, 16, 16 ], "texture": "#side" }
			}
		},
		{
			"__comment": "Cube16",
			"from": [ 0, 15, 0 ],
			"to": [ 16, 16, 6 ],
			"faces": {
				"up": { "uv": [ 0, 0, 16, 6 ], "texture": "#top" },
				"north": { "uv": [ 0, 0, 16, 1 ], "texture": "#side" },
				"south": { "uv": [ 0, 5, 16, 6 ], "texture": "#top" },
				"west": { "uv": [ 0, 0, 6, 1 ], "texture": "#side" },
				"east": { "uv": [ 10, 0, 16, 1 ], "texture": "#side" }
			}
		},
		{
			"__comment": "Cube17",
			"from": [ 0, 15, 6 ],
			"to": [ 5, 16, 10 ],
			"faces": {
				"up": { "uv": [ 0, 6, 5, 10 ], "texture": "#top" },
				"west": { "uv": [ 6, 0, 10, 1 ], "texture": "#side" },
				"east": { "uv": [ 4, 6, 5, 10 ], "texture": "#top", "rotation": 90 }
			}
		},
		{
			"__comment": "Cube18",
			"from": [ 11, 15, 6 ],
			"to": [ 16, 16, 10 ],
			"faces": {
				"up": { "uv": [ 11, 6, 16, 10 ], "texture": "#top" },
				"west": { "uv": [ 11, 6, 12, 10 ], "texture": "#top", "rotation": 90 },
				"east": { "uv": [ 6, 0, 10, 1 ], "texture": "#side" }
			}
		},
		{
			"__comment": "Cube19",
			"from": [ 0, 15, 10 ],
			"to": [ 16, 16, 16 ],
			"faces": {
				"up": { "uv": [ 0, 10, 16, 16 ], "texture": "#top" },
				"north": { "uv": [ 0, 10, 16, 11 ], "texture": "#top" },
				"south": { "uv": [ 0, 0, 16, 1 ], "texture": "#side" },
				"west": { "uv": [ 10, 0, 16, 1 ], "texture": "#side" },
				"east": { "uv": [ 0, 0, 6, 1 ], "texture": "#side" }
			}
		}
	]
}