{
	"__comment": "Made by Mickey Joe Alpha",
	"textures": {
		"particle": "blocks/dispenser_front_horizontal",
		"front": "blocks/dropper_front_horizontal",
		"side": "blocks/furnace_side",
		"bottom": "blocks/furnace_bottom",
		"top": "blocks/furnace_top"
	},
	"elements": [
		{
			"__comment": "Cube1",
			"from": [ 0, 0, 1 ],
			"to": [ 16, 16, 16 ],
			"faces": {
				"down": { "uv": [ 0, 0, 16, 15 ], "texture": "#bottom" },
				"up": { "uv": [ 0, 1, 16, 16 ], "texture": "#top" },
				"north": { "uv": [ 0, 0, 16, 16 ], "texture": "#front" },
				"south": { "uv": [ 0, 0, 16, 16 ], "texture": "#side" },
				"west": { "uv": [ 1, 0, 16, 16 ], "texture": "#side" },
				"east": { "uv": [ 0, 0, 15, 16 ], "texture": "#side" }
			}
		},
		{
			"__comment": "Cube2",
			"from": [ 0, 0, 0 ],
			"to": [ 16, 4, 1 ],
			"faces": {
				"down": { "uv": [ 0, 15, 16, 16 ], "texture": "#bottom" },
				"up": { "uv": [ 16, 12, 0, 13 ], "texture": "#front" },
				"north": { "uv": [ 0, 12, 16, 16 ], "texture": "#front" },
				"west": { "uv": [ 0, 12, 1, 16 ], "texture": "#side" },
				"east": { "uv": [ 15, 12, 16, 16 ], "texture": "#side" }
			}
		},
		{
			"__comment": "Cube3",
			"from": [ 0, 4, 0 ],
			"to": [ 7, 5, 1 ],
			"faces": {
				"up": { "uv": [ 16, 11, 9, 12 ], "texture": "#front" },
				"north": { "uv": [ 9, 11, 16, 12 ], "texture": "#front" },
				"west": { "uv": [ 0, 11, 1, 12 ], "texture": "#side" },
				"east": { "uv": [ 9, 11, 10, 12 ], "texture": "#front" }
			}
		},
		{
			"__comment": "Cube4",
			"from": [ 9, 4, 0 ],
			"to": [ 16, 5, 1 ],
			"faces": {
				"up": { "uv": [ 7, 11, 0, 12 ], "texture": "#front" },
				"north": { "uv": [ 0, 11, 7, 12 ], "texture": "#front" },
				"west": { "uv": [ 6, 11, 7, 12 ], "texture": "#front" },
				"east": { "uv": [ 15, 11, 16, 12 ], "texture": "#side" }
			}
		},
		{
			"__comment": "Cube8",
			"from": [ 0, 7, 0 ],
			"to": [ 16, 8, 1 ],
			"faces": {
				"down": { "uv": [ 16, 8, 0, 9 ], "texture": "#front" },
				"north": { "uv": [ 0, 8, 16, 9 ], "texture": "#front" },
				"west": { "uv": [ 0, 8, 1, 9 ], "texture": "#side" },
				"east": { "uv": [ 15, 8, 16, 9 ], "texture": "#side" }
			}
		},
		{
			"__comment": "Cube9",
			"from": [ 0, 8, 0 ],
			"to": [ 16, 16, 1 ],
			"faces": {
				"down": { "uv": [ 16, 7, 0, 8 ], "texture": "#front" },
				"up": { "uv": [ 0, 0, 16, 1 ], "texture": "#top" },
				"north": { "uv": [ 0, 0, 16, 8 ], "texture": "#front" },
				"west": { "uv": [ 0, 0, 1, 8 ], "texture": "#side" },
				"east": { "uv": [ 15, 0, 16, 8 ], "texture": "#side" }
			}
		},
		{
			"__comment": "Cube10",
			"from": [ 0, 5, 0 ],
			"to": [ 6, 6, 1 ],
			"faces": {
				"down": { "uv": [ 0, 15, 6, 16 ], "texture": "#bottom" },
				"up": { "uv": [ 16, 10, 10, 11 ], "texture": "#front" },
				"north": { "uv": [ 10, 10, 16, 11 ], "texture": "#front" },
				"south": { "uv": [ 0, 10, 6, 11 ], "texture": "#side" },
				"west": { "uv": [ 0, 10, 1, 11 ], "texture": "#side" },
				"east": { "uv": [ 10, 10, 11, 11 ], "texture": "#front" }
			}
		},
		{
			"__comment": "Cube11",
			"from": [ 0, 6, 0 ],
			"to": [ 5, 7, 1 ],
			"faces": {
				"down": { "uv": [ 0, 15, 5, 16 ], "texture": "#bottom" },
				"up": { "uv": [ 0, 0, 5, 1 ], "texture": "#front" },
				"north": { "uv": [ 11, 9, 16, 10 ], "texture": "#front" },
				"south": { "uv": [ 0, 9, 5, 10 ], "texture": "#side" },
				"west": { "uv": [ 0, 9, 1, 10 ], "texture": "#side" },
				"east": { "uv": [ 11, 9, 12, 10 ], "texture": "#front" }
			}
		},
		{
			"__comment": "Cube12",
			"from": [ 10, 5, 0 ],
			"to": [ 16, 6, 1 ],
			"faces": {
				"down": { "uv": [ 10, 15, 16, 16 ], "texture": "#bottom" },
				"up": { "uv": [ 6, 10, 0, 11 ], "texture": "#front" },
				"north": { "uv": [ 0, 10, 6, 11 ], "texture": "#front" },
				"south": { "uv": [ 10, 10, 16, 11 ], "texture": "#side" },
				"west": { "uv": [ 5, 10, 6, 11 ], "texture": "#front" },
				"east": { "uv": [ 15, 10, 16, 11 ], "texture": "#side" }
			}
		},
		{
			"__comment": "Cube13",
			"from": [ 11, 6, 0 ],
			"to": [ 16, 7, 1 ],
			"faces": {
				"down": { "uv": [ 11, 15, 16, 16 ], "texture": "#bottom" },
				"up": { "uv": [ 11, 0, 16, 1 ], "texture": "#front" },
				"north": { "uv": [ 0, 9, 5, 10 ], "texture": "#front" },
				"south": { "uv": [ 11, 9, 16, 10 ], "texture": "#side" },
				"west": { "uv": [ 4, 9, 5, 10 ], "texture": "#front" },
				"east": { "uv": [ 15, 9, 16, 10 ], "texture": "#side" }
			}
		}
	],
	"display": {
		"thirdperson_righthand": {
			"rotation":  [ 75, 135, 0 ],
			"translation":  [ 0, 2.5, 0 ],
			"scale":  [ 0.375, 0.375, 0.375 ]
		},
		"thirdperson_lefthand": {
			"rotation":  [ 75, 135, 0 ],
			"translation":  [ 0, 2.5, 0 ],
			"scale":  [ 0.375, 0.375, 0.375 ]
		},
		"firstperson_righthand": {
			"rotation":  [ 0, 135, 0 ],
			"scale":  [ 0.4, 0.4, 0.4 ]
		},
		"firstperson_lefthand": {
			"rotation":  [ 0, 135, 0 ],
			"scale":  [ 0.4, 0.4, 0.4 ]
		},
		"gui": {
			"rotation":  [ 30, 225, 0 ],
			"scale":  [ 0.625, 0.625, 0.625 ]
		},
		"ground": {
			"translation":  [ 0, 3, 0 ],
			"scale":  [ 0.25, 0.25, 0.25 ]
		},
		"fixed": {
			"scale":  [ 0.5, 0.5, 0.5 ]
		}
	}
}