{
	"__comment": "Made by Mickey Joe Alpha",
	"parent": "block/block",
	"textures": {
		"particle": "blocks/endframe_side",
		"bottom": "blocks/end_stone",
		"top": "blocks/endframe_top",
		"side": "blocks/endframe_side"
	},
	"elements": [
		{
			"from": [ 0, 0, 0 ],
			"to": [ 16, 13, 5 ],
			"faces": {
				"down": { "uv": [ 16, 5, 0, 0 ], "texture": "#bottom" },
				"up": { "uv": [ 0, 0, 16, 5 ], "texture": "#top" },
				"north": { "uv": [ 0, 3, 16, 16 ], "texture": "#side" },
				"south": { "uv": [ 0, 3, 16, 16 ], "texture": "#side" },
				"west": { "uv": [ 0, 3, 5, 16 ], "texture": "#side" },
				"east": { "uv": [ 11, 3, 16, 16 ], "texture": "#side" }
			}
		},
		{
			"from": [ 0, 0, 5 ],
			"to": [ 5, 13, 11 ],
			"faces": {
				"down": { "uv": [ 16, 11, 11, 5 ], "texture": "#bottom" },
				"up": { "uv": [ 0, 5, 5, 11 ], "texture": "#top" },
				"west": { "uv": [ 5, 3, 11, 16 ], "texture": "#side" },
				"east": { "uv": [ 5, 3, 11, 16 ], "texture": "#side" }
			}
		},
		{
			"from": [ 11, 0, 5 ],
			"to": [ 16, 13, 11 ],
			"faces": {
				"down": { "uv": [ 5, 11, 0, 5 ], "texture": "#bottom" },
				"up": { "uv": [ 11, 5, 16, 11 ], "texture": "#top" },
				"west": { "uv": [ 5, 3, 11, 16 ], "texture": "#side" },
				"east": { "uv": [ 5, 3, 11, 16 ], "texture": "#side" }
			}
		},
		{
			"from": [ 0, 0, 11 ],
			"to": [ 16, 13, 16 ],
			"faces": {
				"down": { "uv": [ 16, 16, 0, 11 ], "texture": "#bottom" },
				"up": { "uv": [ 0, 11, 16, 16 ], "texture": "#top" },
				"north": { "uv": [ 0, 3, 16, 16 ], "texture": "#side" },
				"south": { "uv": [ 0, 3, 16, 16 ], "texture": "#side" },
				"west": { "uv": [ 11, 3, 16, 16 ], "texture": "#side" },
				"east": { "uv": [ 0, 3, 5, 16 ], "texture": "#side" }
			}
		},
		{
			"from": [ 5, 0, 5 ],
			"to": [ 11, 12, 11 ],
			"faces": {
				"down": { "uv": [ 11, 11, 5, 5 ], "texture": "#bottom" },
				"up": { "uv": [ 5, 5, 11, 11 ], "texture": "#top" }
			}
		}
	]
}