{
	"__comment": "Made by Mickey Joe Alpha",
	"textures": {
		"particle": "blocks/farmland_wet_side",
		"bottom": "blocks/dirt",
		"top": "blocks/farmland_wet",
		"side": "blocks/farmland_wet_side"
	},
	"elements": [
		{
			"__comment": "Cube1",
			"from": [ 0, 0, 0 ],
			"to": [ 16, 15, 16 ],
			"faces": {
				"down": { "uv": [ 0, 0, 16, 16 ], "texture": "#bottom" },
				"up": { "uv": [ 0, 0, 16, 16 ], "texture": "#top" },
				"north": { "uv": [ 0, 1, 16, 16 ], "texture": "#side" },
				"south": { "uv": [ 0, 1, 16, 16 ], "texture": "#side" },
				"west": { "uv": [ 0, 1, 16, 16 ], "texture": "#side" },
				"east": { "uv": [ 0, 1, 16, 16 ], "texture": "#side" }
			}
		}
	]
}