{
	"__comment": "Made by Mickey Joe Alpha",
	"ambientocclusion": false,
	"textures": {
		"particle": "blocks/flower_pot",
		"flowerpot": "blocks/flower_pot",
		"dirt": "blocks/dirt",
		"cactus": "blocks/cactus_side"
	},
	"elements": [
		{
			"from": [ 5, 0, 5 ],
			"to": [ 6, 6, 11 ],
			"faces": {
				"down": { "uv": [ 5, 5, 6, 11 ], "texture": "#flowerpot", "cullface": "down" },
				"up": { "uv": [ 5, 5, 6, 11 ], "texture": "#flowerpot" },
				"north": { "uv": [ 10, 10, 11, 16 ], "texture": "#flowerpot" },
				"south": { "uv": [ 5, 10, 6, 16 ], "texture": "#flowerpot" },
				"west": { "uv": [ 5, 10, 11, 16 ], "texture": "#flowerpot" },
				"east": { "uv": [ 5, 10, 11, 16 ], "texture": "#flowerpot" }
			}
		},
		{
			"from": [ 10, 0, 5 ],
			"to": [ 11, 6, 11 ],
			"faces": {
				"down": { "uv": [ 10, 5, 11, 11 ], "texture": "#flowerpot", "cullface": "down" },
				"up": { "uv": [ 10, 5, 11, 11 ], "texture": "#flowerpot" },
				"north": { "uv": [ 5, 10, 6, 16 ], "texture": "#flowerpot" },
				"south": { "uv": [ 10, 10, 11, 16 ], "texture": "#flowerpot" },
				"west": { "uv": [ 5, 10, 11, 16 ], "texture": "#flowerpot" },
				"east": { "uv": [ 5, 10, 11, 16 ], "texture": "#flowerpot" }
			}
		},
		{
			"from": [ 6, 0, 5 ],
			"to": [ 10, 6, 6 ],
			"faces": {
				"down": { "uv": [ 6, 10, 10, 11 ], "texture": "#flowerpot", "cullface": "down" },
				"up": { "uv": [ 6, 5, 10, 6 ], "texture": "#flowerpot" },
				"north": { "uv": [ 6, 10, 10, 16 ], "texture": "#flowerpot" },
				"south": { "uv": [ 6, 10, 10, 16 ], "texture": "#flowerpot" }
			}
		},
		{
			"from": [ 6, 0, 10 ],
			"to": [ 10, 6, 11 ],
			"faces": {
				"down": { "uv": [ 6, 5, 10, 6 ], "texture": "#flowerpot", "cullface": "down" },
				"up": { "uv": [ 6, 10, 10, 11 ], "texture": "#flowerpot" },
				"north": { "uv": [ 6, 10, 10, 16 ], "texture": "#flowerpot" },
				"south": { "uv": [ 6, 10, 10, 16 ], "texture": "#flowerpot" }
			}
		},
		{
			"from": [ 6, 0, 6 ],
			"to": [ 10, 4, 10 ],
			"faces": {
				"down": { "uv": [ 6, 6, 10, 10 ], "texture": "#flowerpot", "cullface": "down" },
				"up": { "uv": [ 6, 6, 10, 10 ], "texture": "#dirt" }
			}
		},
		{
			"from": [ 6, 4, 6 ],
			"to": [ 10, 8, 10 ],
			"faces": {
				"north": { "uv": [ 6, 8, 10, 12 ], "texture": "#cactus" },
				"south": { "uv": [ 6, 8, 10, 12 ], "texture": "#cactus" },
				"west": { "uv": [ 6, 8, 10, 12 ], "texture": "#cactus" },
				"east": { "uv": [ 6, 8, 10, 12 ], "texture": "#cactus" }
			}
		},
		{
			"from": [ 6, 8, 6 ],
			"to": [ 10, 12, 10 ],
			"faces": {
				"north": { "uv": [ 6, 4, 10, 8 ], "texture": "#cactus" },
				"south": { "uv": [ 6, 4, 10, 8 ], "texture": "#cactus" },
				"west": { "uv": [ 6, 4, 10, 8 ], "texture": "#cactus" },
				"east": { "uv": [ 6, 4, 10, 8 ], "texture": "#cactus" }
			}
		},
		{
			"from": [ 6, 12, 6 ],
			"to": [ 10, 16, 10 ],
			"faces": {
				"up": { "uv": [ 6, 6, 10, 10 ], "texture": "#cactus" },
				"north": { "uv": [ 6, 0, 10, 4 ], "texture": "#cactus" },
				"south": { "uv": [ 6, 0, 10, 4 ], "texture": "#cactus" },
				"west": { "uv": [ 6, 0, 10, 4 ], "texture": "#cactus" },
				"east": { "uv": [ 6, 0, 10, 4 ], "texture": "#cactus" }
			}
		},
		{
			"__comment": "Cube9",
			"from": [ 8, 16, 7 ],
			"to": [ 9, 17, 8 ],
			"faces": {
				"down": { "uv": [ 7, 1, 8, 2 ], "texture": "#cactus" },
				"up": { "uv": [ 7, 1, 8, 2 ], "texture": "#cactus" },
				"north": { "uv": [ 7, 1, 8, 2 ], "texture": "#cactus" },
				"south": { "uv": [ 7, 1, 8, 2 ], "texture": "#cactus" },
				"west": { "uv": [ 7, 1, 8, 2 ], "texture": "#cactus" },
				"east": { "uv": [ 7, 1, 8, 2 ], "texture": "#cactus" }
			}
		},
		{
			"__comment": "Cube10",
			"from": [ 7, 16, 9 ],
			"to": [ 8, 17, 10 ],
			"faces": {
				"down": { "uv": [ 7, 1, 8, 2 ], "texture": "#cactus" },
				"up": { "uv": [ 7, 1, 8, 2 ], "texture": "#cactus" },
				"north": { "uv": [ 7, 1, 8, 2 ], "texture": "#cactus" },
				"south": { "uv": [ 7, 1, 8, 2 ], "texture": "#cactus" },
				"west": { "uv": [ 7, 1, 8, 2 ], "texture": "#cactus" },
				"east": { "uv": [ 7, 1, 8, 2 ], "texture": "#cactus" }
			}
		},
		{
			"__comment": "Cube11",
			"from": [ 8, 14, 5 ],
			"to": [ 9, 15, 6 ],
			"faces": {
				"down": { "uv": [ 7, 1, 8, 2 ], "texture": "#cactus" },
				"up": { "uv": [ 7, 1, 8, 2 ], "texture": "#cactus" },
				"north": { "uv": [ 7, 1, 8, 2 ], "texture": "#cactus" },
				"south": { "uv": [ 7, 1, 8, 2 ], "texture": "#cactus" },
				"west": { "uv": [ 7, 1, 8, 2 ], "texture": "#cactus" },
				"east": { "uv": [ 7, 1, 8, 2 ], "texture": "#cactus" }
			}
		},
		{
			"__comment": "Cube12",
			"from": [ 7, 12, 5 ],
			"to": [ 8, 13, 6 ],
			"faces": {
				"down": { "uv": [ 7, 1, 8, 2 ], "texture": "#cactus" },
				"up": { "uv": [ 7, 1, 8, 2 ], "texture": "#cactus" },
				"north": { "uv": [ 7, 1, 8, 2 ], "texture": "#cactus" },
				"south": { "uv": [ 7, 1, 8, 2 ], "texture": "#cactus" },
				"west": { "uv": [ 7, 1, 8, 2 ], "texture": "#cactus" },
				"east": { "uv": [ 7, 1, 8, 2 ], "texture": "#cactus" }
			}
		},
		{
			"__comment": "Cube13",
			"from": [ 7, 8, 5 ],
			"to": [ 8, 9, 6 ],
			"faces": {
				"down": { "uv": [ 7, 1, 8, 2 ], "texture": "#cactus" },
				"up": { "uv": [ 7, 1, 8, 2 ], "texture": "#cactus" },
				"north": { "uv": [ 7, 1, 8, 2 ], "texture": "#cactus" },
				"south": { "uv": [ 7, 1, 8, 2 ], "texture": "#cactus" },
				"west": { "uv": [ 7, 1, 8, 2 ], "texture": "#cactus" },
				"east": { "uv": [ 7, 1, 8, 2 ], "texture": "#cactus" }
			}
		},
		{
			"__comment": "Cube14",
			"from": [ 8, 6, 5 ],
			"to": [ 9, 7, 6 ],
			"faces": {
				"down": { "uv": [ 7, 1, 8, 2 ], "texture": "#cactus" },
				"up": { "uv": [ 7, 1, 8, 2 ], "texture": "#cactus" },
				"north": { "uv": [ 7, 1, 8, 2 ], "texture": "#cactus" },
				"south": { "uv": [ 7, 1, 8, 2 ], "texture": "#cactus" },
				"west": { "uv": [ 7, 1, 8, 2 ], "texture": "#cactus" },
				"east": { "uv": [ 7, 1, 8, 2 ], "texture": "#cactus" }
			}
		},
		{
			"__comment": "Cube15",
			"from": [ 5, 14, 7 ],
			"to": [ 6, 15, 8 ],
			"faces": {
				"down": { "uv": [ 7, 1, 8, 2 ], "texture": "#cactus" },
				"up": { "uv": [ 7, 1, 8, 2 ], "texture": "#cactus" },
				"north": { "uv": [ 7, 1, 8, 2 ], "texture": "#cactus" },
				"south": { "uv": [ 7, 1, 8, 2 ], "texture": "#cactus" },
				"west": { "uv": [ 7, 1, 8, 2 ], "texture": "#cactus" },
				"east": { "uv": [ 7, 1, 8, 2 ], "texture": "#cactus" }
			}
		},
		{
			"__comment": "Cube16",
			"from": [ 5, 12, 8 ],
			"to": [ 6, 13, 9 ],
			"faces": {
				"down": { "uv": [ 7, 1, 8, 2 ], "texture": "#cactus" },
				"up": { "uv": [ 7, 1, 8, 2 ], "texture": "#cactus" },
				"north": { "uv": [ 7, 1, 8, 2 ], "texture": "#cactus" },
				"south": { "uv": [ 7, 1, 8, 2 ], "texture": "#cactus" },
				"west": { "uv": [ 7, 1, 8, 2 ], "texture": "#cactus" },
				"east": { "uv": [ 7, 1, 8, 2 ], "texture": "#cactus" }
			}
		},
		{
			"__comment": "Cube17",
			"from": [ 5, 8, 8 ],
			"to": [ 6, 9, 9 ],
			"faces": {
				"down": { "uv": [ 7, 1, 8, 2 ], "texture": "#cactus" },
				"up": { "uv": [ 7, 1, 8, 2 ], "texture": "#cactus" },
				"north": { "uv": [ 7, 1, 8, 2 ], "texture": "#cactus" },
				"south": { "uv": [ 7, 1, 8, 2 ], "texture": "#cactus" },
				"west": { "uv": [ 7, 1, 8, 2 ], "texture": "#cactus" },
				"east": { "uv": [ 7, 1, 8, 2 ], "texture": "#cactus" }
			}
		},
		{
			"__comment": "Cube18",
			"from": [ 5, 6, 7 ],
			"to": [ 6, 7, 8 ],
			"faces": {
				"down": { "uv": [ 7, 1, 8, 2 ], "texture": "#cactus" },
				"up": { "uv": [ 7, 1, 8, 2 ], "texture": "#cactus" },
				"north": { "uv": [ 7, 1, 8, 2 ], "texture": "#cactus" },
				"south": { "uv": [ 7, 1, 8, 2 ], "texture": "#cactus" },
				"west": { "uv": [ 7, 1, 8, 2 ], "texture": "#cactus" },
				"east": { "uv": [ 7, 1, 8, 2 ], "texture": "#cactus" }
			}
		},
		{
			"__comment": "Cube19",
			"from": [ 10, 14, 8 ],
			"to": [ 11, 15, 9 ],
			"faces": {
				"down": { "uv": [ 7, 1, 8, 2 ], "texture": "#cactus" },
				"up": { "uv": [ 7, 1, 8, 2 ], "texture": "#cactus" },
				"north": { "uv": [ 7, 1, 8, 2 ], "texture": "#cactus" },
				"south": { "uv": [ 7, 1, 8, 2 ], "texture": "#cactus" },
				"west": { "uv": [ 7, 1, 8, 2 ], "texture": "#cactus" },
				"east": { "uv": [ 7, 1, 8, 2 ], "texture": "#cactus" }
			}
		},
		{
			"__comment": "Cube20",
			"from": [ 10, 12, 7 ],
			"to": [ 11, 13, 8 ],
			"faces": {
				"down": { "uv": [ 7, 1, 8, 2 ], "texture": "#cactus" },
				"up": { "uv": [ 7, 1, 8, 2 ], "texture": "#cactus" },
				"north": { "uv": [ 7, 1, 8, 2 ], "texture": "#cactus" },
				"south": { "uv": [ 7, 1, 8, 2 ], "texture": "#cactus" },
				"west": { "uv": [ 7, 1, 8, 2 ], "texture": "#cactus" },
				"east": { "uv": [ 7, 1, 8, 2 ], "texture": "#cactus" }
			}
		},
		{
			"__comment": "Cube21",
			"from": [ 10, 8, 7 ],
			"to": [ 11, 9, 8 ],
			"faces": {
				"down": { "uv": [ 7, 1, 8, 2 ], "texture": "#cactus" },
				"up": { "uv": [ 7, 1, 8, 2 ], "texture": "#cactus" },
				"north": { "uv": [ 7, 1, 8, 2 ], "texture": "#cactus" },
				"south": { "uv": [ 7, 1, 8, 2 ], "texture": "#cactus" },
				"west": { "uv": [ 7, 1, 8, 2 ], "texture": "#cactus" },
				"east": { "uv": [ 7, 1, 8, 2 ], "texture": "#cactus" }
			}
		},
		{
			"__comment": "Cube22",
			"from": [ 10, 6, 8 ],
			"to": [ 11, 7, 9 ],
			"faces": {
				"down": { "uv": [ 7, 1, 8, 2 ], "texture": "#cactus" },
				"up": { "uv": [ 7, 1, 8, 2 ], "texture": "#cactus" },
				"north": { "uv": [ 7, 1, 8, 2 ], "texture": "#cactus" },
				"south": { "uv": [ 7, 1, 8, 2 ], "texture": "#cactus" },
				"west": { "uv": [ 7, 1, 8, 2 ], "texture": "#cactus" },
				"east": { "uv": [ 7, 1, 8, 2 ], "texture": "#cactus" }
			}
		},
		{
			"__comment": "Cube23",
			"from": [ 7, 6, 10 ],
			"to": [ 8, 7, 11 ],
			"faces": {
				"down": { "uv": [ 7, 1, 8, 2 ], "texture": "#cactus" },
				"up": { "uv": [ 7, 1, 8, 2 ], "texture": "#cactus" },
				"north": { "uv": [ 7, 1, 8, 2 ], "texture": "#cactus" },
				"south": { "uv": [ 7, 1, 8, 2 ], "texture": "#cactus" },
				"west": { "uv": [ 7, 1, 8, 2 ], "texture": "#cactus" },
				"east": { "uv": [ 7, 1, 8, 2 ], "texture": "#cactus" }
			}
		},
		{
			"__comment": "Cube24",
			"from": [ 8, 8, 10 ],
			"to": [ 9, 9, 11 ],
			"faces": {
				"down": { "uv": [ 7, 1, 8, 2 ], "texture": "#cactus" },
				"up": { "uv": [ 7, 1, 8, 2 ], "texture": "#cactus" },
				"north": { "uv": [ 7, 1, 8, 2 ], "texture": "#cactus" },
				"south": { "uv": [ 7, 1, 8, 2 ], "texture": "#cactus" },
				"west": { "uv": [ 7, 1, 8, 2 ], "texture": "#cactus" },
				"east": { "uv": [ 7, 1, 8, 2 ], "texture": "#cactus" }
			}
		},
		{
			"__comment": "Cube25",
			"from": [ 8, 12, 10 ],
			"to": [ 9, 13, 11 ],
			"faces": {
				"down": { "uv": [ 7, 1, 8, 2 ], "texture": "#cactus" },
				"up": { "uv": [ 7, 1, 8, 2 ], "texture": "#cactus" },
				"north": { "uv": [ 7, 1, 8, 2 ], "texture": "#cactus" },
				"south": { "uv": [ 7, 1, 8, 2 ], "texture": "#cactus" },
				"west": { "uv": [ 7, 1, 8, 2 ], "texture": "#cactus" },
				"east": { "uv": [ 7, 1, 8, 2 ], "texture": "#cactus" }
			}
		},
		{
			"__comment": "Cube26",
			"from": [ 7, 14, 10 ],
			"to": [ 8, 15, 11 ],
			"faces": {
				"down": { "uv": [ 7, 1, 8, 2 ], "texture": "#cactus" },
				"up": { "uv": [ 7, 1, 8, 2 ], "texture": "#cactus" },
				"north": { "uv": [ 7, 1, 8, 2 ], "texture": "#cactus" },
				"south": { "uv": [ 7, 1, 8, 2 ], "texture": "#cactus" },
				"west": { "uv": [ 7, 1, 8, 2 ], "texture": "#cactus" },
				"east": { "uv": [ 7, 1, 8, 2 ], "texture": "#cactus" }
			}
		}
	]
}