{
	"__comment": "Made by Mickey Joe Alpha",
	"textures": {
		"particle": "blocks/trapdoor",
		"texture": "blocks/iron_trapdoor",
		"sides": "blocks/door_top_1"
	},
	"elements": [
		{
			"from": [ 0, 0, 13 ],
			"to": [ 16, 3, 16 ],
			"faces": {
				"down": { "uv": [ 16, 6, 0, 3 ], "texture": "#sides" },
				"up": { "uv": [ 0, 3, 16, 6 ], "texture": "#sides" },
				"north": { "uv": [ 16, 3, 0, 0 ], "texture": "#texture" },
				"south": { "uv": [ 0, 13, 16, 16 ], "texture": "#texture" },
				"west": { "uv": [ 16, 3, 13, 6 ], "texture": "#sides", "rotation": 270 },
				"east": { "uv": [ 13, 3, 16, 6 ], "texture": "#sides", "rotation": 90 }
			}
		},
		{
			"from": [ 0, 13, 13 ],
			"to": [ 16, 16, 16 ],
			"faces": {
				"down": { "uv": [ 16, 6, 0, 3 ], "texture": "#sides" },
				"up": { "uv": [ 0, 3, 16, 6 ], "texture": "#sides" },
				"north": { "uv": [ 16, 16, 0, 13 ], "texture": "#texture" },
				"south": { "uv": [ 0, 0, 16, 3 ], "texture": "#texture" },
				"west": { "uv": [ 3, 3, 0, 6 ], "texture": "#sides", "rotation": 270 },
				"east": { "uv": [ 0, 3, 3, 6 ], "texture": "#sides", "rotation": 90 }
			}
		},
		{
			"from": [ 0, 3, 13 ],
			"to": [ 3, 13, 16 ],
			"faces": {
				"north": { "uv": [ 3, 13, 0, 3 ], "texture": "#texture" },
				"south": { "uv": [ 0, 3, 3, 13 ], "texture": "#texture" },
				"west": { "uv": [ 13, 3, 3, 6 ], "texture": "#sides", "rotation": 270 },
				"east": { "uv": [ 13, 3, 3, 6 ], "texture": "#sides", "rotation": 90 }
			}
		},
		{
			"from": [ 13, 3, 13 ],
			"to": [ 16, 13, 16 ],
			"faces": {
				"north": { "uv": [ 16, 13, 13, 3 ], "texture": "#texture" },
				"south": { "uv": [ 13, 3, 16, 13 ], "texture": "#texture" },
				"west": { "uv": [ 3, 3, 13, 6 ], "texture": "#sides", "rotation": 270 },
				"east": { "uv": [ 3, 3, 13, 6 ], "texture": "#sides", "rotation": 90 }
			}
		},
		{
			"from": [ 3, 6, 13 ],
			"to": [ 13, 10, 16 ],
			"faces": {
				"down": { "uv": [ 13, 6, 3, 3 ], "texture": "#sides" },
				"up": { "uv": [ 3, 3, 13, 6 ], "texture": "#sides" },
				"north": { "uv": [ 13, 10, 3, 6 ], "texture": "#texture" },
				"south": { "uv": [ 3, 6, 13, 10 ], "texture": "#texture" }
			}
		},
		{
			"from": [ 6, 3, 13 ],
			"to": [ 10, 13, 16 ],
			"faces": {
				"north": { "uv": [ 10, 13, 6, 3 ], "texture": "#texture" },
				"south": { "uv": [ 6, 3, 10, 13 ], "texture": "#texture" },
				"west": { "uv": [ 3, 3, 13, 6 ], "texture": "#sides", "rotation": 270 },
				"east": { "uv": [ 3, 3, 13, 6 ], "texture": "#sides", "rotation": 90 }
			}
		}
	]
}