{
	"__comment": "Made by Mickey Joe Alpha",
	"textures": {
		"particle": "blocks/iron_bars",
		"bars": "blocks/iron_bars"
	},
	"elements": [
		{
			"from": [ 7, 0, 7 ],
			"to": [ 9, 16, 9 ],
			"faces": {
				"down": { "uv": [ 8.5, 7.5, 9, 8 ], "texture": "#bars" },
				"up": { "uv": [ 8.5, 7.5, 9, 8 ], "texture": "#bars" },
				"north": { "uv": [ 7, 4, 9, 12 ], "texture": "#bars" },
				"south": { "uv": [ 7, 4, 9, 12 ], "texture": "#bars" },
				"west": { "uv": [ 7, 4, 9, 12 ], "texture": "#bars" },
				"east": { "uv": [ 7, 4, 9, 12 ], "texture": "#bars" }
			}
		}
	]
}