{
	"__comment": "Made by Mickey Joe Alpha",
	"textures": {
		"particle": "blocks/iron_bars",
		"down": "blocks/iron_bars",
		"up": "blocks/iron_bars",
		"west": "blocks/iron_bars",
		"east": "blocks/iron_bars",
		"north": "blocks/iron_bars",
		"south": "blocks/iron_bars"
	},
	"elements": [
		{
			"from": [ 7, 0, 7 ],
			"to": [ 9, 8, 9 ],
			"faces": {
				"down": { "uv": [ 8.5, 16, 9, 15.5 ], "texture": "#particle" },
				"north": { "uv": [ 4, 8, 2, 16 ], "texture": "#particle" },
				"south": { "uv": [ 2, 8, 4, 16 ], "texture": "#particle" },
				"west": { "uv": [ 2, 8, 4, 16 ], "texture": "#particle" },
				"east": { "uv": [ 4, 8, 2, 16 ], "texture": "#particle" }
			}
		},
		{
			"from": [ 7, 0, 2 ],
			"to": [ 9, 8, 4 ],
			"faces": {
				"down": { "uv": [ 8.5, 16, 9, 15.5 ], "texture": "#particle" },
				"north": { "uv": [ 4, 8, 2, 16 ], "texture": "#particle" },
				"south": { "uv": [ 2, 8, 4, 16 ], "texture": "#particle" },
				"west": { "uv": [ 2, 8, 4, 16 ], "texture": "#particle" },
				"east": { "uv": [ 4, 8, 2, 16 ], "texture": "#particle" }
			}
		},
		{
			"from": [ 7, 12, 4 ],
			"to": [ 9, 14, 7 ],
			"faces": {
				"down": { "uv": [ 8.5, 0, 9, 0.5 ], "texture": "#down" },
				"up": { "uv": [ 8.5, 0, 9, 0.5 ], "texture": "#up" },
				"west": { "uv": [ 4, 2, 7, 4 ], "texture": "#west" },
				"east": { "uv": [ 7, 2, 4, 4 ], "texture": "#east" }
			}
		},
		{
			"from": [ 7, 7, 0 ],
			"to": [ 9, 9, 2 ],
			"faces": {
				"down": { "uv": [ 3.5, 0, 4, 0.5 ], "texture": "#down" },
				"up": { "uv": [ 3.5, 0, 4, 0.5 ], "texture": "#up" },
				"north": { "uv": [ 2, 7, 0, 9 ], "texture": "#north" },
				"south": { "uv": [ 0, 7, 2, 9 ], "texture": "#south" },
				"west": { "uv": [ 0, 7, 2, 9 ], "texture": "#west" },
				"east": { "uv": [ 2, 7, 0, 9 ], "texture": "#east" }
			}
		},
		{
			"from": [ 7, 8, 2 ],
			"to": [ 9, 16, 4 ],
			"faces": {
				"up": { "uv": [ 3.5, 0, 4, 0.5 ], "texture": "#up" },
				"north": { "uv": [ 9, 4, 7, 12 ], "texture": "#north" },
				"south": { "uv": [ 7, 4, 9, 12 ], "texture": "#south" },
				"west": { "uv": [ 2, 0, 4, 8 ], "texture": "#west" },
				"east": { "uv": [ 4, 0, 2, 8 ], "texture": "#east" }
			}
		},
		{
			"from": [ 7, 8, 7 ],
			"to": [ 9, 16, 9 ],
			"faces": {
				"up": { "uv": [ 8.5, 0, 9, 0.5 ], "texture": "#up" },
				"north": { "uv": [ 9, 4, 7, 12 ], "texture": "#north" },
				"south": { "uv": [ 7, 4, 9, 12 ], "texture": "#south" },
				"west": { "uv": [ 7, 0, 9, 8 ], "texture": "#west" },
				"east": { "uv": [ 9, 0, 7, 8 ], "texture": "#east" }
			}
		}
	]
}