{
	"__comment": "Made by Mickey Joe Alpha",
	"textures": {
		"particle": "blocks/iron_bars",
		"edge": "blocks/iron_bars"
	},
	"elements": [
		{
			"from": [ 7, 0.0009999999, 7 ],
			"to": [ 9, 0.0635, 9 ],
			"faces": {
				"down": { "uv": [ 8.5, 7, 9, 7.5 ], "texture": "#edge" },
				"up": { "uv": [ 8.5, 7, 9, 7.5 ], "texture": "#edge" }
			}
		},
		{
			"from": [ 7, 15.999, 7 ],
			"to": [ 9, 16.0615, 9 ],
			"faces": {
				"down": { "uv": [ 8.5, 7.5, 9, 8 ], "texture": "#edge" },
				"up": { "uv": [ 8.5, 7.5, 9, 8 ], "texture": "#edge" }
			}
		}
	]
}