{
	"__comment": "Made by Mickey Joe Alpha",
	"textures": {
		"particle": "blocks/iron_bars",
		"down": "blocks/iron_bars",
		"up": "blocks/iron_bars",
		"west": "blocks/iron_bars",
		"east": "blocks/iron_bars",
		"north": "blocks/iron_bars",
		"south": "blocks/iron_bars"
	},
	"elements": [
		{
			"from": [ 7, 0, 12 ],
			"to": [ 9, 8, 14 ],
			"faces": {
				"down": { "uv": [ 8.5, 0.5, 9, 0 ], "texture": "#particle" },
				"north": { "uv": [ 9, 4, 7, 12 ], "texture": "#particle" },
				"south": { "uv": [ 7, 4, 9, 12 ], "texture": "#particle" },
				"west": { "uv": [ 12, 8, 14, 16 ], "texture": "#particle" },
				"east": { "uv": [ 14, 8, 12, 16 ], "texture": "#particle" }
			}
		},
		{
			"from": [ 7, 7, 14 ],
			"to": [ 9, 9, 16 ],
			"faces": {
				"down": { "uv": [ 8.5, 0.5, 9, 0 ], "texture": "#particle" },
				"up": { "uv": [ 8.5, 0, 9, 0.5 ], "texture": "#particle" },
				"north": { "uv": [ 7, 0, 9, 2 ], "texture": "#particle" },
				"south": { "uv": [ 7, 0, 9, 2 ], "texture": "#particle" },
				"west": { "uv": [ 14, 7, 16, 9 ], "texture": "#particle" },
				"east": { "uv": [ 14, 7, 16, 9 ], "texture": "#particle" }
			}
		},
		{
			"from": [ 7, 8, 12 ],
			"to": [ 9, 16, 14 ],
			"faces": {
				"up": { "uv": [ 8.5, 0, 9, 0.5 ], "texture": "#particle" },
				"north": { "uv": [ 9, 4, 7, 12 ], "texture": "#particle" },
				"south": { "uv": [ 7, 4, 9, 12 ], "texture": "#particle" },
				"west": { "uv": [ 12, 0, 14, 8 ], "texture": "#particle" },
				"east": { "uv": [ 14, 0, 12, 8 ], "texture": "#particle" }
			}
		},
		{
			"from": [ 7, 2, 9 ],
			"to": [ 9, 4, 12 ],
			"faces": {
				"down": { "uv": [ 8.5, 0.5, 9, 0 ], "texture": "#particle" },
				"up": { "uv": [ 8.5, 0, 9, 0.5 ], "texture": "#particle" },
				"west": { "uv": [ 9, 12, 12, 14 ], "texture": "#particle" },
				"east": { "uv": [ 9, 12, 12, 14 ], "texture": "#particle" }
			}
		},
		{
			"from": [ 7, 0, 7 ],
			"to": [ 9, 8, 9 ],
			"faces": {
				"down": { "uv": [ 8.5, 16, 9, 15.5 ], "texture": "#particle" },
				"north": { "uv": [ 9, 4, 7, 12 ], "texture": "#particle" },
				"south": { "uv": [ 7, 4, 9, 12 ], "texture": "#particle" },
				"west": { "uv": [ 7, 8, 9, 16 ], "texture": "#particle" },
				"east": { "uv": [ 9, 8, 7, 16 ], "texture": "#particle" }
			}
		},
		{
			"from": [ 7, 8, 7 ],
			"to": [ 9, 16, 9 ],
			"faces": {
				"up": { "uv": [ 8.5, 0, 9, 0.5 ], "texture": "#up" },
				"north": { "uv": [ 9, 4, 7, 12 ], "texture": "#north" },
				"south": { "uv": [ 7, 4, 9, 12 ], "texture": "#south" },
				"west": { "uv": [ 7, 0, 9, 8 ], "texture": "#west" },
				"east": { "uv": [ 9, 0, 7, 8 ], "texture": "#east" }
			}
		}
	]
}