{
	"__comment": "Made by Mickey Joe Alpha",
	"ambientocclusion": false,
	"textures": {
		"bottom": "blocks/door_iron_lower",
		"top": "blocks/door_iron_upper",
		"particle": "blocks/door_iron_upper",
		"side": "blocks/door_side_lower_1",
		"sideopen": "blocks/door_side_lower_open_1",
		"edge": "blocks/door_top_1"
	},
	"elements": [
		{
			"from": [ 0, 0, 0 ],
			"to": [ 3, 16, 16 ],
			"faces": {
				"down": { "uv": [ 0, 6, 16, 9 ], "texture": "#edge", "rotation": 270 },
				"north": { "uv": [ 3, 0, 6, 16 ], "texture": "#side" },
				"south": { "uv": [ 3, 0, 6, 16 ], "texture": "#sideopen" },
				"west": { "uv": [ 0, 0, 16, 16 ], "texture": "#bottom" },
				"east": { "uv": [ 16, 0, 0, 16 ], "texture": "#bottom" }
			}
		}
	]
}