{
	"__comment": "Made by Mickey Joe Alpha",
	"parent": "block/block",
	"textures": {
		"particle": "blocks/jukebox_side",
		"top": "blocks/jukebox_top",
		"side": "blocks/jukebox_side"
	},
	"elements": [
		{
			"__comment": "Cube1",
			"from": [ 0, 0, 0 ],
			"to": [ 7, 16, 16 ],
			"faces": {
				"down": { "uv": [ 0, 0, 7, 16 ], "texture": "#side" },
				"up": { "uv": [ 0, 0, 7, 16 ], "texture": "#top" },
				"north": { "uv": [ 9, 0, 16, 16 ], "texture": "#side" },
				"south": { "uv": [ 0, 0, 7, 16 ], "texture": "#side" },
				"west": { "uv": [ 0, 0, 16, 16 ], "texture": "#side" },
				"east": { "uv": [ 7, 3, 9, 13 ], "texture": "#top" }
			}
		},
		{
			"__comment": "Cube2",
			"from": [ 9, 0, 0 ],
			"to": [ 16, 16, 16 ],
			"faces": {
				"down": { "uv": [ 9, 0, 16, 16 ], "texture": "#side" },
				"up": { "uv": [ 9, 0, 16, 16 ], "texture": "#top" },
				"north": { "uv": [ 0, 0, 7, 16 ], "texture": "#side" },
				"south": { "uv": [ 9, 0, 16, 16 ], "texture": "#side" },
				"west": { "uv": [ 7, 3, 9, 13 ], "texture": "#top" },
				"east": { "uv": [ 0, 0, 16, 16 ], "texture": "#side" }
			}
		},
		{
			"__comment": "Cube4",
			"from": [ 7, 0, 0 ],
			"to": [ 9, 16, 3 ],
			"faces": {
				"down": { "uv": [ 7, 13, 9, 16 ], "texture": "#side" },
				"up": { "uv": [ 7, 0, 9, 3 ], "texture": "#top" },
				"north": { "uv": [ 7, 0, 9, 16 ], "texture": "#side" },
				"south": { "uv": [ 7, 3, 9, 13 ], "texture": "#top" },
				"west": { "uv": [ 0, 0, 3, 16 ], "texture": "#side" },
				"east": { "uv": [ 13, 0, 16, 16 ], "texture": "#side" }
			}
		},
		{
			"__comment": "Cube5",
			"from": [ 7, 0, 13 ],
			"to": [ 9, 16, 16 ],
			"faces": {
				"down": { "uv": [ 7, 0, 9, 3 ], "texture": "#side" },
				"up": { "uv": [ 7, 13, 9, 16 ], "texture": "#top" },
				"north": { "uv": [ 7, 3, 9, 13 ], "texture": "#top" },
				"south": { "uv": [ 7, 0, 9, 16 ], "texture": "#side" },
				"west": { "uv": [ 13, 0, 16, 16 ], "texture": "#side" },
				"east": { "uv": [ 0, 0, 3, 16 ], "texture": "#side" }
			}
		},
		{
			"__comment": "Cube6",
			"from": [ 7, 0, 3 ],
			"to": [ 9, 14, 13 ],
			"faces": {
				"down": { "uv": [ 7, 3, 9, 13 ], "texture": "#side" },
				"up": { "uv": [ 7, 3, 9, 13 ], "texture": "#top" }
			}
		}
	]
}