{
	"__comment": "Made by Mickey Joe Alpha",
	"ambientocclusion": false,
	"textures": {
		"bottom": "blocks/door_jungle_lower",
		"top": "blocks/door_jungle_lower",
		"particle": "blocks/door_jungle_lower",
		"side": "blocks/door_side_lower_1",
		"sideopen": "blocks/door_side_lower_open_1",
		"edge": "blocks/door_top_2"
	},
	"elements": [
		{
			"from": [ 0, 0, 9 ],
			"to": [ 3, 16, 16 ],
			"faces": {
				"down": { "uv": [ 0, 0, 7, 3 ], "texture": "#edge", "rotation": 90 },
				"north": { "uv": [ 12, 0, 15, 16 ], "texture": "#sideopen" },
				"south": { "uv": [ 12, 0, 15, 16 ], "texture": "#side" },
				"west": { "uv": [ 7, 0, 0, 16 ], "texture": "#bottom" },
				"east": { "uv": [ 0, 0, 7, 16 ], "texture": "#bottom" }
			}
		},
		{
			"from": [ 0, 0, 0 ],
			"to": [ 3, 16, 7 ],
			"faces": {
				"down": { "uv": [ 9, 0, 16, 3 ], "texture": "#edge", "rotation": 90 },
				"north": { "uv": [ 12, 0, 15, 16 ], "texture": "#sideopen" },
				"south": { "uv": [ 12, 0, 15, 16 ], "texture": "#sideopen" },
				"west": { "uv": [ 16, 0, 9, 16 ], "texture": "#bottom" },
				"east": { "uv": [ 9, 0, 16, 16 ], "texture": "#bottom" }
			}
		},
		{
			"from": [ 0, 0, 7 ],
			"to": [ 3, 3, 9 ],
			"faces": {
				"down": { "uv": [ 7, 0, 9, 3 ], "texture": "#edge", "rotation": 90 },
				"up": { "uv": [ 7, 0, 9, 3 ], "texture": "#edge", "rotation": 90 },
				"west": { "uv": [ 9, 13, 7, 16 ], "texture": "#bottom" },
				"east": { "uv": [ 7, 13, 9, 16 ], "texture": "#bottom" }
			}
		},
		{
			"from": [ 0, 14, 7 ],
			"to": [ 3, 16, 9 ],
			"faces": {
				"down": { "uv": [ 7, 0, 9, 3 ], "texture": "#edge", "rotation": 90 },
				"west": { "uv": [ 9, 0, 7, 2 ], "texture": "#bottom" },
				"east": { "uv": [ 7, 0, 9, 2 ], "texture": "#bottom" }
			}
		}
	]
}