{
	"__comment": "Made by Mickey Joe Alpha",
	"textures": {
		"particle": "blocks/door_jungle_upper",
		"bottom": "blocks/door_jungle_lower",
		"top": "blocks/door_jungle_upper",
		"side": "blocks/door_side_upper_1",
		"sideopen": "blocks/door_side_upper_open_1",
		"edge": "blocks/door_top_2"
	},
	"elements": [
		{
			"from": [ -1, 0, 4 ],
			"to": [ 4, 1, 5 ],
			"faces": {
				"down": { "uv": [ 11, 15, 12, 16 ], "texture": "#top", "rotation": 90 },
				"north": { "uv": [ 11, 15, 12, 16 ], "texture": "#top" },
				"south": { "uv": [ 11, 15, 12, 16 ], "texture": "#top" },
				"west": { "uv": [ 11, 15, 12, 16 ], "texture": "#top" },
				"east": { "uv": [ 11, 15, 12, 16 ], "texture": "#top" }
			}
		},
		{
			"from": [ -1, 1, 2 ],
			"to": [ 4, 2, 5 ],
			"faces": {
				"down": { "uv": [ 11, 14, 14, 15 ], "texture": "#top", "rotation": 90 },
				"up": { "uv": [ 11, 14, 14, 15 ], "texture": "#top", "rotation": 270 },
				"north": { "uv": [ 13, 14, 14, 15 ], "texture": "#top" },
				"south": { "uv": [ 11, 14, 12, 15 ], "texture": "#top" },
				"west": { "uv": [ 14, 14, 11, 15 ], "texture": "#top" },
				"east": { "uv": [ 11, 14, 14, 15 ], "texture": "#top" }
			}
		},
		{
			"__comment": "Cube12",
			"from": [ 0, 6, 12 ],
			"to": [ 3, 10, 16 ],
			"faces": {
				"north": { "uv": [ 12, 6, 15, 10 ], "texture": "#sideopen" },
				"south": { "uv": [ 12, 6, 15, 10 ], "texture": "#side" },
				"west": { "uv": [ 4, 6, 0, 10 ], "texture": "#top" },
				"east": { "uv": [ 0, 6, 4, 10 ], "texture": "#top" }
			}
		},
		{
			"__comment": "Cube13",
			"from": [ 0, 0, 0 ],
			"to": [ 3, 6, 16 ],
			"faces": {
				"up": { "uv": [ 0, 0, 16, 3 ], "texture": "#edge", "rotation": 270 },
				"north": { "uv": [ 12, 10, 15, 16 ], "texture": "#sideopen" },
				"south": { "uv": [ 12, 10, 15, 16 ], "texture": "#side" },
				"west": { "uv": [ 16, 10, 0, 16 ], "texture": "#top" },
				"east": { "uv": [ 0, 10, 16, 16 ], "texture": "#top" }
			}
		},
		{
			"__comment": "Cube14",
			"from": [ 0, 6, 0 ],
			"to": [ 3, 10, 4 ],
			"faces": {
				"north": { "uv": [ 12, 6, 15, 10 ], "texture": "#sideopen" },
				"south": { "uv": [ 12, 6, 15, 10 ], "texture": "#sideopen" },
				"west": { "uv": [ 16, 6, 12, 10 ], "texture": "#top" },
				"east": { "uv": [ 12, 6, 16, 10 ], "texture": "#top" }
			}
		},
		{
			"__comment": "Cube15",
			"from": [ 0, 10, 11 ],
			"to": [ 3, 12, 16 ],
			"faces": {
				"down": { "uv": [ 0, 0, 5, 3 ], "texture": "#edge", "rotation": 270 },
				"north": { "uv": [ 12, 4, 15, 6 ], "texture": "#sideopen" },
				"south": { "uv": [ 12, 4, 15, 6 ], "texture": "#side" },
				"west": { "uv": [ 5, 4, 0, 6 ], "texture": "#top" },
				"east": { "uv": [ 0, 4, 5, 6 ], "texture": "#top" }
			}
		},
		{
			"__comment": "Cube17",
			"from": [ 0, 12, 10 ],
			"to": [ 3, 13, 16 ],
			"faces": {
				"down": { "uv": [ 0, 0, 6, 3 ], "texture": "#edge", "rotation": 270 },
				"north": { "uv": [ 12, 3, 15, 4 ], "texture": "#sideopen" },
				"south": { "uv": [ 12, 3, 15, 4 ], "texture": "#side" },
				"west": { "uv": [ 6, 3, 0, 4 ], "texture": "#top" },
				"east": { "uv": [ 0, 3, 6, 4 ], "texture": "#top" }
			}
		},
		{
			"__comment": "Cube18",
			"from": [ 0, 13, 0 ],
			"to": [ 3, 16, 16 ],
			"faces": {
				"down": { "uv": [ 0, 0, 16, 3 ], "texture": "#edge", "rotation": 270 },
				"up": { "uv": [ 0, 0, 16, 3 ], "texture": "#edge", "rotation": 270 },
				"north": { "uv": [ 12, 0, 15, 3 ], "texture": "#sideopen" },
				"south": { "uv": [ 12, 0, 15, 3 ], "texture": "#side" },
				"west": { "uv": [ 16, 0, 0, 3 ], "texture": "#top" },
				"east": { "uv": [ 0, 0, 16, 3 ], "texture": "#top" }
			}
		},
		{
			"__comment": "Cube19",
			"from": [ 0, 10, 0 ],
			"to": [ 3, 12, 5 ],
			"faces": {
				"down": { "uv": [ 0, 3, 5, 0 ], "texture": "#edge", "rotation": 90 },
				"north": { "uv": [ 12, 4, 15, 6 ], "texture": "#sideopen" },
				"south": { "uv": [ 12, 4, 15, 6 ], "texture": "#sideopen" },
				"west": { "uv": [ 16, 4, 11, 6 ], "texture": "#top" },
				"east": { "uv": [ 11, 4, 16, 6 ], "texture": "#top" }
			}
		},
		{
			"__comment": "Cube20",
			"from": [ 0, 12, 0 ],
			"to": [ 3, 13, 6 ],
			"faces": {
				"down": { "uv": [ 0, 0, 6, 3 ], "texture": "#edge", "rotation": 270 },
				"north": { "uv": [ 12, 3, 15, 4 ], "texture": "#sideopen" },
				"south": { "uv": [ 12, 3, 15, 4 ], "texture": "#sideopen" },
				"west": { "uv": [ 16, 3, 10, 4 ], "texture": "#top" },
				"east": { "uv": [ 10, 3, 16, 4 ], "texture": "#top" }
			}
		}
	]
}