{
	"__comment": "Made by Mickey Joe Alpha",
	"parent": "block/block",
	"textures": {
		"particle": "blocks/furnace_side",
		"front": "blocks/furnace_front_on",
		"side": "blocks/furnace_side",
		"top": "blocks/furnace_top",
		"bottom": "blocks/furnace_bottom"
	},
	"elements": [
		{
			"__comment": "Cube1",
			"from": [ 0, 0, 1 ],
			"to": [ 16, 16, 16 ],
			"faces": {
				"down": { "uv": [ 0, 0, 16, 15 ], "texture": "#bottom" },
				"up": { "uv": [ 0, 1, 16, 16 ], "texture": "#top" },
				"north": { "uv": [ 0, 0, 16, 16 ], "texture": "#front" },
				"south": { "uv": [ 0, 0, 16, 16 ], "texture": "#side" },
				"west": { "uv": [ 1, 0, 16, 16 ], "texture": "#side" },
				"east": { "uv": [ 0, 0, 15, 16 ], "texture": "#side" }
			}
		},
		{
			"__comment": "Cube2",
			"from": [ 0, 12, 0 ],
			"to": [ 16, 16, 1 ],
			"faces": {
				"down": { "uv": [ 16, 3, 0, 4 ], "texture": "#front" },
				"up": { "uv": [ 0, 0, 16, 1 ], "texture": "#top" },
				"north": { "uv": [ 0, 0, 16, 4 ], "texture": "#front" },
				"west": { "uv": [ 15, 0, 16, 4 ], "texture": "#front" },
				"east": { "uv": [ 0, 0, 1, 4 ], "texture": "#front" }
			}
		},
		{
			"__comment": "Cube3",
			"from": [ 0, 11, 0 ],
			"to": [ 5, 12, 1 ],
			"faces": {
				"down": { "uv": [ 16, 4, 11, 5 ], "texture": "#front" },
				"up": { "uv": [ 0, 0, 5, 1 ], "texture": "#top" },
				"north": { "uv": [ 11, 4, 16, 5 ], "texture": "#front" },
				"south": { "uv": [ 0, 4, 5, 5 ], "texture": "#front" },
				"west": { "uv": [ 15, 4, 16, 5 ], "texture": "#front" },
				"east": { "uv": [ 11, 4, 12, 5 ], "texture": "#front" }
			}
		},
		{
			"__comment": "Cube4",
			"from": [ 11, 11, 0 ],
			"to": [ 16, 12, 1 ],
			"faces": {
				"down": { "uv": [ 5, 4, 0, 5 ], "texture": "#front" },
				"up": { "uv": [ 11, 0, 16, 1 ], "texture": "#top" },
				"north": { "uv": [ 0, 4, 5, 5 ], "texture": "#front" },
				"south": { "uv": [ 11, 4, 16, 5 ], "texture": "#front" },
				"west": { "uv": [ 4, 4, 5, 5 ], "texture": "#front" },
				"east": { "uv": [ 0, 4, 1, 5 ], "texture": "#front" }
			}
		},
		{
			"__comment": "Cube6",
			"from": [ 12, 9, 0 ],
			"to": [ 16, 11, 1 ],
			"faces": {
				"down": { "uv": [ 12, 15, 16, 16 ], "texture": "#bottom" },
				"up": { "uv": [ 12, 0, 16, 1 ], "texture": "#top" },
				"north": { "uv": [ 0, 5, 4, 7 ], "texture": "#front" },
				"south": { "uv": [ 12, 5, 16, 7 ], "texture": "#front" },
				"west": { "uv": [ 3, 5, 4, 7 ], "texture": "#front" },
				"east": { "uv": [ 0, 5, 1, 7 ], "texture": "#front" }
			}
		},
		{
			"__comment": "Cube8",
			"from": [ 0, 9, 0 ],
			"to": [ 4, 11, 1 ],
			"faces": {
				"down": { "uv": [ 0, 15, 4, 16 ], "texture": "#bottom" },
				"up": { "uv": [ 0, 0, 4, 1 ], "texture": "#top" },
				"north": { "uv": [ 12, 5, 16, 7 ], "texture": "#front" },
				"south": { "uv": [ 0, 5, 4, 7 ], "texture": "#front" },
				"west": { "uv": [ 15, 5, 16, 7 ], "texture": "#front" },
				"east": { "uv": [ 12, 5, 13, 7 ], "texture": "#front" }
			}
		},
		{
			"__comment": "Cube7",
			"from": [ 0, 5, 0 ],
			"to": [ 16, 9, 1 ],
			"faces": {
				"down": { "uv": [ 16, 10, 0, 11 ], "texture": "#front" },
				"up": { "uv": [ 16, 7, 0, 8 ], "texture": "#front" },
				"north": { "uv": [ 0, 7, 16, 11 ], "texture": "#front" },
				"south": { "uv": [ 0, 7, 16, 11 ], "texture": "#front" },
				"west": { "uv": [ 15, 7, 16, 11 ], "texture": "#front" },
				"east": { "uv": [ 0, 7, 1, 11 ], "texture": "#front" }
			}
		},
		{
			"__comment": "Cube8",
			"from": [ 0, 4, 0 ],
			"to": [ 6, 5, 1 ],
			"faces": {
				"down": { "uv": [ 16, 11, 10, 12 ], "texture": "#front" },
				"up": { "uv": [ 0, 0, 6, 1 ], "texture": "#top" },
				"north": { "uv": [ 10, 11, 16, 12 ], "texture": "#front" },
				"south": { "uv": [ 0, 11, 6, 12 ], "texture": "#front" },
				"west": { "uv": [ 15, 11, 16, 12 ], "texture": "#front" },
				"east": { "uv": [ 10, 11, 11, 12 ], "texture": "#front" }
			}
		},
		{
			"__comment": "Cube9",
			"from": [ 10, 4, 0 ],
			"to": [ 16, 5, 1 ],
			"faces": {
				"down": { "uv": [ 6, 11, 0, 12 ], "texture": "#front" },
				"up": { "uv": [ 10, 0, 16, 1 ], "texture": "#top" },
				"north": { "uv": [ 0, 11, 6, 12 ], "texture": "#front" },
				"south": { "uv": [ 10, 11, 16, 12 ], "texture": "#front" },
				"west": { "uv": [ 5, 11, 6, 12 ], "texture": "#front" },
				"east": { "uv": [ 0, 11, 1, 12 ], "texture": "#front" }
			}
		},
		{
			"__comment": "Cube10",
			"from": [ 0, 3, 0 ],
			"to": [ 4, 4, 1 ],
			"faces": {
				"down": { "uv": [ 16, 12, 12, 13 ], "texture": "#front" },
				"up": { "uv": [ 0, 0, 4, 1 ], "texture": "#top" },
				"north": { "uv": [ 12, 12, 16, 13 ], "texture": "#front" },
				"south": { "uv": [ 0, 12, 4, 13 ], "texture": "#front" },
				"west": { "uv": [ 15, 12, 16, 13 ], "texture": "#front" },
				"east": { "uv": [ 12, 12, 13, 13 ], "texture": "#front" }
			}
		},
		{
			"__comment": "Cube11",
			"from": [ 12, 3, 0 ],
			"to": [ 16, 4, 1 ],
			"faces": {
				"down": { "uv": [ 4, 12, 0, 13 ], "texture": "#front" },
				"up": { "uv": [ 12, 0, 16, 1 ], "texture": "#top" },
				"north": { "uv": [ 0, 12, 4, 13 ], "texture": "#front" },
				"south": { "uv": [ 12, 12, 16, 13 ], "texture": "#front" },
				"west": { "uv": [ 3, 12, 4, 13 ], "texture": "#front" },
				"east": { "uv": [ 0, 12, 1, 13 ], "texture": "#front" }
			}
		},
		{
			"__comment": "Cube12",
			"from": [ 0, 0, 0 ],
			"to": [ 3, 3, 1 ],
			"faces": {
				"down": { "uv": [ 0, 15, 3, 16 ], "texture": "#bottom" },
				"up": { "uv": [ 0, 0, 3, 1 ], "texture": "#top" },
				"north": { "uv": [ 13, 13, 16, 16 ], "texture": "#front" },
				"south": { "uv": [ 0, 13, 3, 16 ], "texture": "#front" },
				"west": { "uv": [ 15, 13, 16, 16 ], "texture": "#front" },
				"east": { "uv": [ 13, 13, 14, 16 ], "texture": "#front" }
			}
		},
		{
			"__comment": "Cube13",
			"from": [ 13, 0, 0 ],
			"to": [ 16, 3, 1 ],
			"faces": {
				"down": { "uv": [ 13, 15, 16, 16 ], "texture": "#bottom" },
				"up": { "uv": [ 13, 0, 16, 1 ], "texture": "#top" },
				"north": { "uv": [ 0, 13, 3, 16 ], "texture": "#front" },
				"south": { "uv": [ 13, 13, 16, 16 ], "texture": "#front" },
				"west": { "uv": [ 2, 13, 3, 16 ], "texture": "#front" },
				"east": { "uv": [ 0, 13, 1, 16 ], "texture": "#front" }
			}
		},
		{
			"__comment": "PlaneY14",
			"from": [ 0, 0, 0 ],
			"to": [ 16, 0.001, 1 ],
			"faces": {
				"down": { "uv": [ 0, 15, 16, 16 ], "texture": "#bottom" },
				"up": { "uv": [ 0, 0, 16, 1 ], "texture": "#top" }
			}
		}
	]
}