{
	"__comment": "Made by Mickey Joe Alpha",
	"parent": "block/block",
	"textures": {
		"particle": "blocks/pumpkin_side",
		"front": "blocks/pumpkin_face_on",
		"side": "blocks/pumpkin_side",
		"top": "blocks/pumpkin_top",
		"bottom": "blocks/pumpkin_bottom"
	},
	"elements": [
		{
			"__comment": "Cube1",
			"from": [ 0, 0, 0 ],
			"to": [ 16, 16, 16 ],
			"faces": {
				"down": { "uv": [ 0, 0, 16, 16 ], "texture": "#bottom" },
				"up": { "uv": [ 0, 0, 16, 16 ], "texture": "#top" },
				"north": { "uv": [ 0, 0, 16, 16 ], "texture": "#front" },
				"south": { "uv": [ 0, 0, 16, 16 ], "texture": "#side" },
				"west": { "uv": [ 0, 0, 16, 16 ], "texture": "#side" },
				"east": { "uv": [ 0, 0, 16, 16 ], "texture": "#side" }
			}
		},
		{
			"__comment": "Cube58",
			"from": [ 6, 16, 5 ],
			"to": [ 8, 17, 6 ],
			"faces": {
				"up": { "uv": [ 6, 5, 8, 6 ], "texture": "#top" },
				"north": { "uv": [ 6, 5, 8, 6 ], "texture": "#top" },
				"west": { "uv": [ 6, 5, 7, 6 ], "texture": "#top" },
				"east": { "uv": [ 7, 5, 8, 6 ], "texture": "#top" }
			}
		},
		{
			"__comment": "Cube59",
			"from": [ 5, 16, 6 ],
			"to": [ 9, 17, 7 ],
			"faces": {
				"up": { "uv": [ 5, 6, 9, 7 ], "texture": "#top" },
				"north": { "uv": [ 5, 6, 9, 7 ], "texture": "#top" },
				"west": { "uv": [ 5, 6, 6, 7 ], "texture": "#top" },
				"east": { "uv": [ 8, 6, 9, 7 ], "texture": "#top" }
			}
		},
		{
			"__comment": "Cube60",
			"from": [ 5, 16, 7 ],
			"to": [ 10, 17, 8 ],
			"faces": {
				"up": { "uv": [ 5, 7, 10, 8 ], "texture": "#top" },
				"north": { "uv": [ 5, 7, 10, 8 ], "texture": "#top" },
				"south": { "uv": [ 5, 7, 10, 8 ], "texture": "#top" },
				"west": { "uv": [ 5, 7, 6, 8 ], "texture": "#top" },
				"east": { "uv": [ 9, 7, 10, 8 ], "texture": "#top" }
			}
		},
		{
			"__comment": "Cube61",
			"from": [ 6, 16, 8 ],
			"to": [ 9, 17, 9 ],
			"faces": {
				"up": { "uv": [ 6, 8, 9, 9 ], "texture": "#top" },
				"south": { "uv": [ 6, 8, 9, 9 ], "texture": "#top" },
				"west": { "uv": [ 6, 8, 7, 9 ], "texture": "#top" },
				"east": { "uv": [ 8, 8, 9, 9 ], "texture": "#top" }
			}
		},
		{
			"__comment": "Cube62",
			"from": [ 7, 16, 9 ],
			"to": [ 8, 17, 10 ],
			"faces": {
				"up": { "uv": [ 7, 9, 8, 10 ], "texture": "#top" },
				"south": { "uv": [ 7, 9, 8, 10 ], "texture": "#top" },
				"west": { "uv": [ 7, 9, 8, 10 ], "texture": "#top" },
				"east": { "uv": [ 7, 9, 8, 10 ], "texture": "#top" }
			}
		}
	]
}