{
	"__comment": "Made by Mickey Joe Alpha",
	"parent": "block/block",
	"ambientocclusion": false,
	"textures": {
		"particle": "blocks/mob_spawner",
		"texture": "blocks/mob_spawner"
	},
	"elements": [
		{
			"from": [ 13, 1, 0 ],
			"to": [ 14, 15, 1 ],
			"faces": {
				"north": { "uv": [ 2, 1, 3, 15 ], "texture": "#texture" },
				"south": { "uv": [ 13, 1, 14, 15 ], "texture": "#texture" },
				"west": { "uv": [ 0, 1, 1, 15 ], "texture": "#texture" },
				"east": { "uv": [ 15, 1, 16, 15 ], "texture": "#texture" }
			}
		},
		{
			"from": [ 10, 1, 0 ],
			"to": [ 11, 15, 1 ],
			"faces": {
				"north": { "uv": [ 5, 1, 6, 15 ], "texture": "#texture" },
				"south": { "uv": [ 10, 1, 11, 15 ], "texture": "#texture" },
				"west": { "uv": [ 0, 1, 1, 15 ], "texture": "#texture" },
				"east": { "uv": [ 15, 1, 16, 15 ], "texture": "#texture" }
			}
		},
		{
			"from": [ 5, 1, 0 ],
			"to": [ 6, 15, 1 ],
			"faces": {
				"north": { "uv": [ 10, 1, 11, 15 ], "texture": "#texture" },
				"south": { "uv": [ 5, 1, 6, 15 ], "texture": "#texture" },
				"west": { "uv": [ 0, 1, 1, 15 ], "texture": "#texture" },
				"east": { "uv": [ 15, 1, 16, 15 ], "texture": "#texture" }
			}
		},
		{
			"from": [ 2, 1, 0 ],
			"to": [ 3, 15, 1 ],
			"faces": {
				"north": { "uv": [ 13, 1, 14, 15 ], "texture": "#texture" },
				"south": { "uv": [ 2, 1, 3, 15 ], "texture": "#texture" },
				"west": { "uv": [ 0, 1, 1, 15 ], "texture": "#texture" },
				"east": { "uv": [ 15, 1, 16, 15 ], "texture": "#texture" }
			}
		},
		{
			"from": [ 1, 2, 0 ],
			"to": [ 15, 3, 1 ],
			"faces": {
				"down": { "uv": [ 1, 1, 15, 0 ], "texture": "#texture" },
				"up": { "uv": [ 1, 0, 15, 1 ], "texture": "#texture" },
				"north": { "uv": [ 1, 13, 15, 14 ], "texture": "#texture" },
				"south": { "uv": [ 1, 13, 15, 14 ], "texture": "#texture" }
			}
		},
		{
			"from": [ 1, 5, 0 ],
			"to": [ 15, 6, 1 ],
			"faces": {
				"down": { "uv": [ 1, 1, 15, 0 ], "texture": "#texture" },
				"up": { "uv": [ 1, 0, 15, 1 ], "texture": "#texture" },
				"north": { "uv": [ 1, 10, 15, 11 ], "texture": "#texture" },
				"south": { "uv": [ 1, 10, 15, 11 ], "texture": "#texture" }
			}
		},
		{
			"from": [ 1, 10, 0 ],
			"to": [ 15, 11, 1 ],
			"faces": {
				"down": { "uv": [ 1, 1, 15, 0 ], "texture": "#texture" },
				"up": { "uv": [ 1, 0, 15, 1 ], "texture": "#texture" },
				"north": { "uv": [ 1, 5, 15, 6 ], "texture": "#texture" },
				"south": { "uv": [ 1, 5, 15, 6 ], "texture": "#texture" }
			}
		},
		{
			"from": [ 1, 13, 0 ],
			"to": [ 15, 14, 1 ],
			"faces": {
				"down": { "uv": [ 1, 1, 15, 0 ], "texture": "#texture" },
				"up": { "uv": [ 1, 0, 15, 1 ], "texture": "#texture" },
				"north": { "uv": [ 1, 2, 15, 3 ], "texture": "#texture" },
				"south": { "uv": [ 1, 2, 15, 3 ], "texture": "#texture" }
			}
		},
		{
			"from": [ 1, 0, 0 ],
			"to": [ 16, 1, 1 ],
			"faces": {
				"down": { "uv": [ 1, 1, 16, 0 ], "texture": "#texture" },
				"up": { "uv": [ 1, 0, 16, 1 ], "texture": "#texture" },
				"north": { "uv": [ 0, 15, 15, 16 ], "texture": "#texture" },
				"south": { "uv": [ 1, 15, 16, 16 ], "texture": "#texture" },
				"east": { "uv": [ 15, 15, 16, 16 ], "texture": "#texture" }
			}
		},
		{
			"from": [ 15, 1, 0 ],
			"to": [ 16, 15, 1 ],
			"faces": {
				"north": { "uv": [ 0, 1, 1, 15 ], "texture": "#texture" },
				"south": { "uv": [ 15, 1, 16, 15 ], "texture": "#texture" },
				"west": { "uv": [ 0, 1, 1, 15 ], "texture": "#texture" },
				"east": { "uv": [ 15, 1, 16, 15 ], "texture": "#texture" }
			}
		},
		{
			"from": [ 0, 1, 13 ],
			"to": [ 1, 15, 14 ],
			"faces": {
				"north": { "uv": [ 15, 1, 16, 15 ], "texture": "#texture" },
				"south": { "uv": [ 0, 1, 1, 15 ], "texture": "#texture" },
				"west": { "uv": [ 13, 1, 14, 15 ], "texture": "#texture" },
				"east": { "uv": [ 2, 1, 3, 15 ], "texture": "#texture" }
			}
		},
		{
			"from": [ 0, 1, 10 ],
			"to": [ 1, 15, 11 ],
			"faces": {
				"north": { "uv": [ 15, 1, 16, 15 ], "texture": "#texture" },
				"south": { "uv": [ 0, 1, 1, 15 ], "texture": "#texture" },
				"west": { "uv": [ 10, 1, 11, 15 ], "texture": "#texture" },
				"east": { "uv": [ 5, 1, 6, 15 ], "texture": "#texture" }
			}
		},
		{
			"from": [ 0, 1, 5 ],
			"to": [ 1, 15, 6 ],
			"faces": {
				"north": { "uv": [ 15, 1, 16, 15 ], "texture": "#texture" },
				"south": { "uv": [ 0, 1, 1, 15 ], "texture": "#texture" },
				"west": { "uv": [ 5, 1, 6, 15 ], "texture": "#texture" },
				"east": { "uv": [ 10, 1, 11, 15 ], "texture": "#texture" }
			}
		},
		{
			"from": [ 0, 1, 2 ],
			"to": [ 1, 15, 3 ],
			"faces": {
				"north": { "uv": [ 15, 1, 16, 15 ], "texture": "#texture" },
				"south": { "uv": [ 0, 1, 1, 15 ], "texture": "#texture" },
				"west": { "uv": [ 2, 1, 3, 15 ], "texture": "#texture" },
				"east": { "uv": [ 13, 1, 14, 15 ], "texture": "#texture" }
			}
		},
		{
			"from": [ 0, 2, 1 ],
			"to": [ 1, 3, 15 ],
			"faces": {
				"down": { "uv": [ 0, 15, 1, 1 ], "texture": "#texture" },
				"up": { "uv": [ 0, 1, 1, 15 ], "texture": "#texture" },
				"west": { "uv": [ 1, 13, 15, 14 ], "texture": "#texture" },
				"east": { "uv": [ 1, 13, 15, 14 ], "texture": "#texture" }
			}
		},
		{
			"from": [ 0, 5, 1 ],
			"to": [ 1, 6, 15 ],
			"faces": {
				"down": { "uv": [ 0, 15, 1, 1 ], "texture": "#texture" },
				"up": { "uv": [ 0, 1, 1, 15 ], "texture": "#texture" },
				"west": { "uv": [ 1, 10, 15, 11 ], "texture": "#texture" },
				"east": { "uv": [ 1, 10, 15, 11 ], "texture": "#texture" }
			}
		},
		{
			"from": [ 0, 10, 1 ],
			"to": [ 1, 11, 15 ],
			"faces": {
				"down": { "uv": [ 0, 15, 1, 1 ], "texture": "#texture" },
				"up": { "uv": [ 0, 1, 1, 15 ], "texture": "#texture" },
				"west": { "uv": [ 1, 5, 15, 6 ], "texture": "#texture" },
				"east": { "uv": [ 1, 5, 15, 6 ], "texture": "#texture" }
			}
		},
		{
			"from": [ 0, 13, 1 ],
			"to": [ 1, 14, 15 ],
			"faces": {
				"down": { "uv": [ 0, 15, 1, 1 ], "texture": "#texture" },
				"up": { "uv": [ 0, 1, 1, 15 ], "texture": "#texture" },
				"west": { "uv": [ 1, 2, 15, 3 ], "texture": "#texture" },
				"east": { "uv": [ 1, 2, 15, 3 ], "texture": "#texture" }
			}
		},
		{
			"from": [ 0, 0, 0 ],
			"to": [ 1, 1, 16 ],
			"faces": {
				"down": { "uv": [ 0, 16, 1, 0 ], "texture": "#texture" },
				"up": { "uv": [ 0, 0, 1, 16 ], "texture": "#texture" },
				"north": { "uv": [ 15, 15, 16, 16 ], "texture": "#texture" },
				"south": { "uv": [ 0, 15, 1, 16 ], "texture": "#texture" },
				"west": { "uv": [ 0, 15, 16, 16 ], "texture": "#texture" },
				"east": { "uv": [ 0, 15, 16, 16 ], "texture": "#texture" }
			}
		},
		{
			"from": [ 0, 1, 15 ],
			"to": [ 1, 15, 16 ],
			"faces": {
				"north": { "uv": [ 15, 1, 16, 15 ], "texture": "#texture" },
				"south": { "uv": [ 0, 1, 1, 15 ], "texture": "#texture" },
				"west": { "uv": [ 15, 1, 16, 15 ], "texture": "#texture" },
				"east": { "uv": [ 0, 1, 1, 15 ], "texture": "#texture" }
			}
		},
		{
			"from": [ 0, 1, 0 ],
			"to": [ 1, 15, 1 ],
			"faces": {
				"north": { "uv": [ 15, 1, 16, 15 ], "texture": "#texture" },
				"south": { "uv": [ 0, 1, 1, 15 ], "texture": "#texture" },
				"west": { "uv": [ 0, 1, 1, 15 ], "texture": "#texture" },
				"east": { "uv": [ 15, 1, 16, 15 ], "texture": "#texture" }
			}
		},
		{
			"from": [ 13, 15, 1 ],
			"to": [ 14, 16, 15 ],
			"faces": {
				"down": { "uv": [ 13, 15, 14, 1 ], "texture": "#texture" },
				"up": { "uv": [ 13, 1, 14, 15 ], "texture": "#texture" },
				"west": { "uv": [ 1, 0, 15, 1 ], "texture": "#texture" },
				"east": { "uv": [ 1, 0, 15, 1 ], "texture": "#texture" }
			}
		},
		{
			"from": [ 10, 15, 1 ],
			"to": [ 11, 16, 15 ],
			"faces": {
				"down": { "uv": [ 10, 15, 11, 1 ], "texture": "#texture" },
				"up": { "uv": [ 10, 1, 11, 15 ], "texture": "#texture" },
				"west": { "uv": [ 1, 0, 15, 1 ], "texture": "#texture" },
				"east": { "uv": [ 1, 0, 15, 1 ], "texture": "#texture" }
			}
		},
		{
			"from": [ 5, 15, 1 ],
			"to": [ 6, 16, 15 ],
			"faces": {
				"down": { "uv": [ 5, 15, 6, 1 ], "texture": "#texture" },
				"up": { "uv": [ 5, 1, 6, 15 ], "texture": "#texture" },
				"west": { "uv": [ 1, 0, 15, 1 ], "texture": "#texture" },
				"east": { "uv": [ 1, 0, 15, 1 ], "texture": "#texture" }
			}
		},
		{
			"from": [ 2, 15, 1 ],
			"to": [ 3, 16, 15 ],
			"faces": {
				"down": { "uv": [ 2, 15, 3, 1 ], "texture": "#texture" },
				"up": { "uv": [ 2, 1, 3, 15 ], "texture": "#texture" },
				"west": { "uv": [ 1, 0, 15, 1 ], "texture": "#texture" },
				"east": { "uv": [ 1, 0, 15, 1 ], "texture": "#texture" }
			}
		},
		{
			"from": [ 1, 15, 13 ],
			"to": [ 15, 16, 14 ],
			"faces": {
				"down": { "uv": [ 1, 14, 15, 13 ], "texture": "#texture" },
				"up": { "uv": [ 1, 13, 15, 14 ], "texture": "#texture" },
				"north": { "uv": [ 1, 0, 15, 1 ], "texture": "#texture" },
				"south": { "uv": [ 1, 0, 15, 1 ], "texture": "#texture" }
			}
		},
		{
			"from": [ 1, 15, 10 ],
			"to": [ 15, 16, 11 ],
			"faces": {
				"down": { "uv": [ 1, 11, 15, 10 ], "texture": "#texture" },
				"up": { "uv": [ 1, 10, 15, 11 ], "texture": "#texture" },
				"north": { "uv": [ 1, 0, 15, 1 ], "texture": "#texture" },
				"south": { "uv": [ 1, 0, 15, 1 ], "texture": "#texture" }
			}
		},
		{
			"from": [ 1, 15, 5 ],
			"to": [ 15, 16, 6 ],
			"faces": {
				"down": { "uv": [ 1, 6, 15, 5 ], "texture": "#texture" },
				"up": { "uv": [ 1, 5, 15, 6 ], "texture": "#texture" },
				"north": { "uv": [ 1, 0, 15, 1 ], "texture": "#texture" },
				"south": { "uv": [ 1, 0, 15, 1 ], "texture": "#texture" }
			}
		},
		{
			"from": [ 1, 15, 2 ],
			"to": [ 15, 16, 3 ],
			"faces": {
				"down": { "uv": [ 1, 3, 15, 2 ], "texture": "#texture" },
				"up": { "uv": [ 1, 2, 15, 3 ], "texture": "#texture" },
				"north": { "uv": [ 1, 0, 15, 1 ], "texture": "#texture" },
				"south": { "uv": [ 1, 0, 15, 1 ], "texture": "#texture" }
			}
		},
		{
			"from": [ 0, 15, 15 ],
			"to": [ 16, 16, 16 ],
			"faces": {
				"down": { "uv": [ 0, 16, 16, 15 ], "texture": "#texture" },
				"up": { "uv": [ 0, 15, 16, 16 ], "texture": "#texture" },
				"north": { "uv": [ 0, 0, 16, 1 ], "texture": "#texture" },
				"south": { "uv": [ 0, 0, 16, 1 ], "texture": "#texture" },
				"west": { "uv": [ 15, 0, 16, 1 ], "texture": "#texture" },
				"east": { "uv": [ 0, 0, 1, 1 ], "texture": "#texture" }
			}
		},
		{
			"from": [ 15, 15, 1 ],
			"to": [ 16, 16, 15 ],
			"faces": {
				"down": { "uv": [ 15, 15, 16, 1 ], "texture": "#texture" },
				"up": { "uv": [ 15, 1, 16, 15 ], "texture": "#texture" },
				"west": { "uv": [ 1, 0, 15, 1 ], "texture": "#texture" },
				"east": { "uv": [ 1, 0, 15, 1 ], "texture": "#texture" }
			}
		},
		{
			"from": [ 0, 15, 0 ],
			"to": [ 16, 16, 1 ],
			"faces": {
				"down": { "uv": [ 0, 1, 16, 0 ], "texture": "#texture" },
				"up": { "uv": [ 0, 0, 16, 1 ], "texture": "#texture" },
				"north": { "uv": [ 0, 0, 16, 1 ], "texture": "#texture" },
				"south": { "uv": [ 0, 0, 16, 1 ], "texture": "#texture" },
				"west": { "uv": [ 0, 0, 1, 1 ], "texture": "#texture" },
				"east": { "uv": [ 15, 0, 16, 1 ], "texture": "#texture" }
			}
		},
		{
			"from": [ 0, 15, 1 ],
			"to": [ 1, 16, 15 ],
			"faces": {
				"down": { "uv": [ 0, 15, 1, 1 ], "texture": "#texture" },
				"up": { "uv": [ 0, 1, 1, 15 ], "texture": "#texture" },
				"west": { "uv": [ 1, 0, 15, 1 ], "texture": "#texture" },
				"east": { "uv": [ 1, 0, 15, 1 ], "texture": "#texture" }
			}
		},
		{
			"from": [ 15, 1, 2 ],
			"to": [ 16, 15, 3 ],
			"faces": {
				"north": { "uv": [ 0, 1, 1, 15 ], "texture": "#texture" },
				"south": { "uv": [ 15, 1, 16, 15 ], "texture": "#texture" },
				"west": { "uv": [ 2, 1, 3, 15 ], "texture": "#texture" },
				"east": { "uv": [ 13, 1, 14, 15 ], "texture": "#texture" }
			}
		},
		{
			"from": [ 1, 13, 15 ],
			"to": [ 15, 14, 16 ],
			"faces": {
				"down": { "uv": [ 1, 16, 15, 15 ], "texture": "#texture" },
				"up": { "uv": [ 1, 15, 15, 16 ], "texture": "#texture" },
				"north": { "uv": [ 1, 2, 15, 3 ], "texture": "#texture" },
				"south": { "uv": [ 1, 2, 15, 3 ], "texture": "#texture" }
			}
		},
		{
			"from": [ 1, 10, 15 ],
			"to": [ 15, 11, 16 ],
			"faces": {
				"down": { "uv": [ 1, 16, 15, 15 ], "texture": "#texture" },
				"up": { "uv": [ 1, 15, 15, 16 ], "texture": "#texture" },
				"north": { "uv": [ 1, 5, 15, 6 ], "texture": "#texture" },
				"south": { "uv": [ 1, 5, 15, 6 ], "texture": "#texture" }
			}
		},
		{
			"from": [ 1, 5, 15 ],
			"to": [ 15, 6, 16 ],
			"faces": {
				"down": { "uv": [ 1, 16, 15, 15 ], "texture": "#texture" },
				"up": { "uv": [ 1, 15, 15, 16 ], "texture": "#texture" },
				"north": { "uv": [ 1, 10, 15, 11 ], "texture": "#texture" },
				"south": { "uv": [ 1, 10, 15, 11 ], "texture": "#texture" }
			}
		},
		{
			"from": [ 1, 2, 15 ],
			"to": [ 15, 3, 16 ],
			"faces": {
				"down": { "uv": [ 1, 16, 15, 15 ], "texture": "#texture" },
				"up": { "uv": [ 1, 15, 15, 16 ], "texture": "#texture" },
				"north": { "uv": [ 1, 13, 15, 14 ], "texture": "#texture" },
				"south": { "uv": [ 1, 13, 15, 14 ], "texture": "#texture" }
			}
		},
		{
			"from": [ 2, 1, 15 ],
			"to": [ 3, 15, 16 ],
			"faces": {
				"north": { "uv": [ 13, 1, 14, 15 ], "texture": "#texture" },
				"south": { "uv": [ 2, 1.5, 3, 15.5 ], "texture": "#texture" },
				"west": { "uv": [ 15, 1, 16, 15 ], "texture": "#texture" },
				"east": { "uv": [ 0, 1, 1, 15 ], "texture": "#texture" }
			}
		},
		{
			"from": [ 5, 1, 15 ],
			"to": [ 6, 15, 16 ],
			"faces": {
				"north": { "uv": [ 10, 1, 11, 15 ], "texture": "#texture" },
				"south": { "uv": [ 5, 1, 6, 15 ], "texture": "#texture" },
				"west": { "uv": [ 15, 1, 16, 15 ], "texture": "#texture" },
				"east": { "uv": [ 0, 1, 1, 15 ], "texture": "#texture" }
			}
		},
		{
			"from": [ 10, 1, 15 ],
			"to": [ 11, 15, 16 ],
			"faces": {
				"north": { "uv": [ 5, 1, 6, 15 ], "texture": "#texture" },
				"south": { "uv": [ 10, 1, 11, 15 ], "texture": "#texture" },
				"west": { "uv": [ 15, 1, 16, 15 ], "texture": "#texture" },
				"east": { "uv": [ 0, 1, 1, 15 ], "texture": "#texture" }
			}
		},
		{
			"from": [ 13, 1, 15 ],
			"to": [ 14, 15, 16 ],
			"faces": {
				"north": { "uv": [ 2, 1, 3, 15 ], "texture": "#texture" },
				"south": { "uv": [ 13, 1, 14, 15 ], "texture": "#texture" },
				"west": { "uv": [ 15, 1, 16, 15 ], "texture": "#texture" },
				"east": { "uv": [ 0, 1, 1, 15 ], "texture": "#texture" }
			}
		},
		{
			"from": [ 1, 0, 15 ],
			"to": [ 16, 1, 16 ],
			"faces": {
				"down": { "uv": [ 1, 16, 16, 15 ], "texture": "#texture" },
				"up": { "uv": [ 1, 15, 16, 16 ], "texture": "#texture" },
				"north": { "uv": [ 0, 15, 15, 16 ], "texture": "#texture" },
				"south": { "uv": [ 1, 15, 16, 16 ], "texture": "#texture" },
				"east": { "uv": [ 0, 15, 1, 16 ], "texture": "#texture" }
			}
		},
		{
			"from": [ 15, 1, 5 ],
			"to": [ 16, 15, 6 ],
			"faces": {
				"north": { "uv": [ 0, 1, 1, 15 ], "texture": "#texture" },
				"south": { "uv": [ 15, 1, 16, 15 ], "texture": "#texture" },
				"west": { "uv": [ 5, 1, 6, 15 ], "texture": "#texture" },
				"east": { "uv": [ 10, 1, 11, 15 ], "texture": "#texture" }
			}
		},
		{
			"from": [ 15, 1, 10 ],
			"to": [ 16, 15, 11 ],
			"faces": {
				"north": { "uv": [ 0, 1, 1, 15 ], "texture": "#texture" },
				"south": { "uv": [ 15, 1, 16, 15 ], "texture": "#texture" },
				"west": { "uv": [ 10, 1, 11, 15 ], "texture": "#texture" },
				"east": { "uv": [ 5, 1, 6, 15 ], "texture": "#texture" }
			}
		},
		{
			"from": [ 15, 1, 13 ],
			"to": [ 16, 15, 14 ],
			"faces": {
				"north": { "uv": [ 0, 1, 1, 15 ], "texture": "#texture" },
				"south": { "uv": [ 15, 1, 16, 15 ], "texture": "#texture" },
				"west": { "uv": [ 13, 1, 14, 15 ], "texture": "#texture" },
				"east": { "uv": [ 2, 1, 3, 15 ], "texture": "#texture" }
			}
		},
		{
			"from": [ 15, 0, 1 ],
			"to": [ 16, 1, 15 ],
			"faces": {
				"down": { "uv": [ 15, 15, 16, 1 ], "texture": "#texture" },
				"up": { "uv": [ 15, 1, 16, 15 ], "texture": "#texture" },
				"west": { "uv": [ 1, 15, 15, 16 ], "texture": "#texture" },
				"east": { "uv": [ 1, 15, 15, 16 ], "texture": "#texture" }
			}
		},
		{
			"from": [ 15, 13, 1 ],
			"to": [ 16, 14, 15 ],
			"faces": {
				"down": { "uv": [ 15, 15, 16, 1 ], "texture": "#texture" },
				"up": { "uv": [ 15, 1, 16, 15 ], "texture": "#texture" },
				"west": { "uv": [ 1, 2, 15, 3 ], "texture": "#texture" },
				"east": { "uv": [ 1, 2, 15, 3 ], "texture": "#texture" }
			}
		},
		{
			"from": [ 15, 10, 1 ],
			"to": [ 16, 11, 15 ],
			"faces": {
				"down": { "uv": [ 15, 15, 16, 1 ], "texture": "#texture" },
				"up": { "uv": [ 15, 1, 16, 15 ], "texture": "#texture" },
				"west": { "uv": [ 1, 5, 15, 6 ], "texture": "#texture" },
				"east": { "uv": [ 1, 5, 15, 6 ], "texture": "#texture" }
			}
		},
		{
			"from": [ 15, 5, 1 ],
			"to": [ 16, 6, 15 ],
			"faces": {
				"down": { "uv": [ 15, 15, 16, 1 ], "texture": "#texture" },
				"up": { "uv": [ 15, 1, 16, 15 ], "texture": "#texture" },
				"west": { "uv": [ 1, 10, 15, 11 ], "texture": "#texture" },
				"east": { "uv": [ 1, 10, 15, 11 ], "texture": "#texture" }
			}
		},
		{
			"from": [ 15, 2, 1 ],
			"to": [ 16, 3, 15 ],
			"faces": {
				"down": { "uv": [ 15, 15, 16, 1 ], "texture": "#texture" },
				"up": { "uv": [ 15, 1, 16, 15 ], "texture": "#texture" },
				"west": { "uv": [ 1, 13, 15, 14 ], "texture": "#texture" },
				"east": { "uv": [ 1, 13, 15, 14 ], "texture": "#texture" }
			}
		},
		{
			"from": [ 15, 1, 15 ],
			"to": [ 16, 15, 16 ],
			"faces": {
				"north": { "uv": [ 0, 1, 1, 15 ], "texture": "#texture" },
				"south": { "uv": [ 15, 1, 16, 15 ], "texture": "#texture" },
				"west": { "uv": [ 15, 1, 16, 15 ], "texture": "#texture" },
				"east": { "uv": [ 0, 1, 1, 15 ], "texture": "#texture" }
			}
		},
		{
			"from": [ 2, 0, 1 ],
			"to": [ 3, 1, 15 ],
			"faces": {
				"down": { "uv": [ 2, 15, 3, 1 ], "texture": "#texture" },
				"up": { "uv": [ 2, 1, 3, 15 ], "texture": "#texture" },
				"west": { "uv": [ 1, 15, 15, 16 ], "texture": "#texture" },
				"east": { "uv": [ 1, 15, 15, 16 ], "texture": "#texture" }
			}
		},
		{
			"from": [ 5, 0, 1 ],
			"to": [ 6, 1, 15 ],
			"faces": {
				"down": { "uv": [ 5, 15, 6, 1 ], "texture": "#texture" },
				"up": { "uv": [ 5, 1, 6, 15 ], "texture": "#texture" },
				"west": { "uv": [ 1, 15, 15, 16 ], "texture": "#texture" },
				"east": { "uv": [ 1, 15, 15, 16 ], "texture": "#texture" }
			}
		},
		{
			"from": [ 10, 0, 1 ],
			"to": [ 11, 1, 15 ],
			"faces": {
				"down": { "uv": [ 10, 15, 11, 1 ], "texture": "#texture" },
				"up": { "uv": [ 10, 1, 11, 15 ], "texture": "#texture" },
				"west": { "uv": [ 1, 15, 15, 16 ], "texture": "#texture" },
				"east": { "uv": [ 1, 15, 15, 16 ], "texture": "#texture" }
			}
		},
		{
			"from": [ 13, 0, 1 ],
			"to": [ 14, 1, 15 ],
			"faces": {
				"down": { "uv": [ 13, 15, 14, 1 ], "texture": "#texture" },
				"up": { "uv": [ 13, 1, 14, 15 ], "texture": "#texture" },
				"west": { "uv": [ 1, 15, 15, 16 ], "texture": "#texture" },
				"east": { "uv": [ 1, 15, 15, 16 ], "texture": "#texture" }
			}
		},
		{
			"from": [ 1, 0, 2 ],
			"to": [ 15, 1, 3 ],
			"faces": {
				"down": { "uv": [ 1, 3, 15, 2 ], "texture": "#texture" },
				"up": { "uv": [ 1, 2, 15, 3 ], "texture": "#texture" },
				"north": { "uv": [ 1, 15, 15, 16 ], "texture": "#texture" },
				"south": { "uv": [ 1, 15, 15, 16 ], "texture": "#texture" }
			}
		},
		{
			"from": [ 1, 0, 5 ],
			"to": [ 15, 1, 6 ],
			"faces": {
				"down": { "uv": [ 1, 6, 15, 5 ], "texture": "#texture" },
				"up": { "uv": [ 1, 5, 15, 6 ], "texture": "#texture" },
				"north": { "uv": [ 1, 15, 15, 16 ], "texture": "#texture" },
				"south": { "uv": [ 1, 15, 15, 16 ], "texture": "#texture" }
			}
		},
		{
			"from": [ 1, 0, 10 ],
			"to": [ 15, 1, 11 ],
			"faces": {
				"down": { "uv": [ 1, 11, 15, 10 ], "texture": "#texture" },
				"up": { "uv": [ 1, 10, 15, 11 ], "texture": "#texture" },
				"north": { "uv": [ 1, 15, 15, 16 ], "texture": "#texture" },
				"south": { "uv": [ 1, 15, 15, 16 ], "texture": "#texture" }
			}
		},
		{
			"from": [ 1, 0, 13 ],
			"to": [ 15, 1, 14 ],
			"faces": {
				"down": { "uv": [ 1, 14, 15, 13 ], "texture": "#texture" },
				"up": { "uv": [ 1, 13, 15, 14 ], "texture": "#texture" },
				"north": { "uv": [ 1, 15, 15, 16 ], "texture": "#texture" },
				"south": { "uv": [ 1, 15, 15, 16 ], "texture": "#texture" }
			}
		}
	]
}