{
	"__comment": "Made by Mickey Joe Alpha",
	"textures": {
		"particle": "blocks/piston_side",
		"texture": "blocks/piston_side",
		"piston_top_normal": "blocks/piston_top_normal",
		"piston": "blocks/piston_arm"
	},
	"elements": [
		{
			"from": [ 0, 0, 0 ],
			"to": [ 16, 16, 4 ],
			"faces": {
				"down": { "uv": [ 0, 4, 16, 0 ], "texture": "#texture", "cullface": "down" },
				"up": { "uv": [ 16, 0, 0, 4 ], "texture": "#texture", "cullface": "up" },
				"north": { "uv": [ 0, 0, 16, 16 ], "texture": "#piston_top_normal", "cullface": "north" },
				"south": { "uv": [ 0, 0, 16, 16 ], "texture": "#piston_top_normal" },
				"west": { "uv": [ 16, 0, 0, 4 ], "texture": "#texture", "cullface": "west", "rotation": 270 },
				"east": { "uv": [ 16, 4, 0, 0 ], "texture": "#texture", "cullface": "east", "rotation": 270 }
			}
		},
		{
			"from": [ 6, 6, 4 ],
			"to": [ 10, 10, 12 ],
			"faces": {
				"down": { "uv": [ 0, 8, 4, 16 ], "texture": "#piston", "rotation": 180 },
				"up": { "uv": [ 0, 8, 4, 16 ], "texture": "#piston" },
				"west": { "uv": [ 0, 8, 4, 16 ], "texture": "#piston", "rotation": 270 },
				"east": { "uv": [ 0, 8, 4, 16 ], "texture": "#piston", "rotation": 270 }
			}
		},
		{
			"from": [ 5, 5, 12 ],
			"to": [ 11, 11, 20 ],
			"faces": {
				"down": { "uv": [ 10, 16, 4, 8 ], "texture": "#piston" },
				"up": { "uv": [ 4, 8, 10, 16 ], "texture": "#piston" },
				"north": { "uv": [ 0, 2, 6, 8 ], "texture": "#piston" },
				"west": { "uv": [ 10, 16, 4, 8 ], "texture": "#piston", "rotation": 90 },
				"east": { "uv": [ 10, 16, 4, 8 ], "texture": "#piston", "rotation": 270 }
			}
		}
	]
}