{
	"__comment": "Made by Mickey Joe Alpha",
	"parent": "block/block",
	"textures": {
		"particle": "blocks/repeating_command_block_back",
		"back": "blocks/repeating_command_block_back",
		"front": "blocks/repeating_command_block_front",
		"side": "blocks/repeating_command_block_conditional"
	},
	"elements": [
		{
			"__comment": "Cube2",
			"from": [ 0, 0, 0 ],
			"to": [ 16, 16, 16 ],
			"faces": {
				"down": { "uv": [ 0, 0, 16, 16 ], "texture": "#side", "rotation": 180 },
				"up": { "uv": [ 0, 0, 16, 16 ], "texture": "#side" },
				"north": { "uv": [ 0, 0, 16, 16 ], "texture": "#front" },
				"south": { "uv": [ 0, 0, 16, 16 ], "texture": "#back" },
				"west": { "uv": [ 0, 0, 16, 16 ], "texture": "#side", "rotation": 270 },
				"east": { "uv": [ 0, 0, 16, 16 ], "texture": "#side", "rotation": 90 }
			}
		},
		{
			"__comment": "Cube4",
			"from": [ 4, 3, 16 ],
			"to": [ 13, 12, 17 ],
			"faces": {
				"down": { "uv": [ 4, 12, 13, 13 ], "texture": "#back" },
				"up": { "uv": [ 4, 4, 13, 5 ], "texture": "#back" },
				"south": { "uv": [ 4, 4, 13, 13 ], "texture": "#back" },
				"west": { "uv": [ 4, 4, 5, 13 ], "texture": "#back" },
				"east": { "uv": [ 12, 4, 13, 13 ], "texture": "#back" }
			}
		},
		{
			"__comment": "Cube10",
			"from": [ 6, 3, -1 ],
			"to": [ 9, 12, 0 ],
			"faces": {
				"down": { "uv": [ 7, 12, 10, 13 ], "texture": "#front", "rotation": 180 },
				"up": { "uv": [ 7, 4, 10, 5 ], "texture": "#front", "rotation": 180 },
				"north": { "uv": [ 7, 4, 10, 13 ], "texture": "#front" },
				"west": { "uv": [ 9, 4, 10, 13 ], "texture": "#front" },
				"east": { "uv": [ 7, 4, 8, 13 ], "texture": "#front" }
			}
		},
		{
			"__comment": "Cube11",
			"from": [ 5, 4, -1 ],
			"to": [ 6, 11, 0 ],
			"faces": {
				"down": { "uv": [ 10, 11, 11, 12 ], "texture": "#front" },
				"up": { "uv": [ 10, 5, 11, 6 ], "texture": "#front" },
				"north": { "uv": [ 10, 5, 11, 12 ], "texture": "#front" },
				"west": { "uv": [ 10, 5, 11, 12 ], "texture": "#front" }
			}
		},
		{
			"__comment": "Cube12",
			"from": [ 4, 5, -1 ],
			"to": [ 5, 10, 0 ],
			"faces": {
				"down": { "uv": [ 11, 10, 12, 11 ], "texture": "#front" },
				"up": { "uv": [ 11, 6, 12, 7 ], "texture": "#front" },
				"north": { "uv": [ 11, 6, 12, 11 ], "texture": "#front" },
				"west": { "uv": [ 11, 6, 12, 11 ], "texture": "#front" }
			}
		},
		{
			"__comment": "Cube13",
			"from": [ 3, 6, -1 ],
			"to": [ 4, 9, 0 ],
			"faces": {
				"down": { "uv": [ 12, 9, 13, 10 ], "texture": "#front" },
				"up": { "uv": [ 12, 7, 13, 8 ], "texture": "#front" },
				"north": { "uv": [ 12, 7, 13, 10 ], "texture": "#front" },
				"west": { "uv": [ 12, 7, 13, 10 ], "texture": "#front" }
			}
		},
		{
			"__comment": "Cube14",
			"from": [ 9, 4, -1 ],
			"to": [ 10, 11, 0 ],
			"faces": {
				"down": { "uv": [ 6, 11, 7, 12 ], "texture": "#front" },
				"up": { "uv": [ 6, 5, 7, 6 ], "texture": "#front" },
				"north": { "uv": [ 6, 5, 7, 12 ], "texture": "#front" },
				"east": { "uv": [ 6, 5, 7, 12 ], "texture": "#front" }
			}
		},
		{
			"__comment": "Cube15",
			"from": [ 10, 5, -1 ],
			"to": [ 11, 10, 0 ],
			"faces": {
				"down": { "uv": [ 5, 10, 6, 11 ], "texture": "#front" },
				"up": { "uv": [ 5, 6, 6, 7 ], "texture": "#front" },
				"north": { "uv": [ 5, 6, 6, 11 ], "texture": "#front" },
				"east": { "uv": [ 5, 6, 6, 11 ], "texture": "#front" }
			}
		},
		{
			"__comment": "Cube16",
			"from": [ 11, 6, -1 ],
			"to": [ 12, 9, 0 ],
			"faces": {
				"down": { "uv": [ 4, 9, 5, 10 ], "texture": "#front" },
				"up": { "uv": [ 4, 7, 5, 8 ], "texture": "#front" },
				"north": { "uv": [ 4, 7, 5, 10 ], "texture": "#front" },
				"east": { "uv": [ 4, 7, 5, 10 ], "texture": "#front" }
			}
		},
		{
			"__comment": "Cube22",
			"from": [ -1, 8, 3 ],
			"to": [ 0, 9, 4 ],
			"faces": {
				"down": { "uv": [ 8, 3, 9, 4 ], "texture": "#side" },
				"up": { "uv": [ 8, 3, 9, 4 ], "texture": "#side" },
				"north": { "uv": [ 8, 3, 9, 4 ], "texture": "#side" },
				"west": { "uv": [ 8, 3, 9, 4 ], "texture": "#side" }
			}
		},
		{
			"__comment": "Cube23",
			"from": [ -1, 7, 4 ],
			"to": [ 0, 10, 5 ],
			"faces": {
				"down": { "uv": [ 7, 4, 8, 5 ], "texture": "#side" },
				"up": { "uv": [ 9, 4, 10, 5 ], "texture": "#side" },
				"north": { "uv": [ 7, 4, 10, 5 ], "texture": "#side", "rotation": 270 },
				"west": { "uv": [ 7, 4, 10, 5 ], "texture": "#side", "rotation": 270 }
			}
		},
		{
			"__comment": "Cube24",
			"from": [ -1, 6, 5 ],
			"to": [ 0, 11, 6 ],
			"faces": {
				"down": { "uv": [ 6, 5, 7, 6 ], "texture": "#side" },
				"up": { "uv": [ 10, 5, 11, 6 ], "texture": "#side" },
				"north": { "uv": [ 6, 5, 11, 6 ], "texture": "#side", "rotation": 270 },
				"west": { "uv": [ 6, 5, 11, 6 ], "texture": "#side", "rotation": 270 }
			}
		},
		{
			"__comment": "Cube25",
			"from": [ -1, 5, 6 ],
			"to": [ 0, 12, 7 ],
			"faces": {
				"down": { "uv": [ 5, 6, 6, 7 ], "texture": "#side" },
				"up": { "uv": [ 11, 6, 12, 7 ], "texture": "#side" },
				"north": { "uv": [ 5, 6, 12, 7 ], "texture": "#side", "rotation": 270 },
				"west": { "uv": [ 5, 6, 12, 7 ], "texture": "#side", "rotation": 270 }
			}
		},
		{
			"__comment": "Cube26",
			"from": [ -1, 4, 7 ],
			"to": [ 0, 13, 11 ],
			"faces": {
				"down": { "uv": [ 4, 7, 5, 11 ], "texture": "#side", "rotation": 180 },
				"up": { "uv": [ 12, 7, 13, 11 ], "texture": "#side" },
				"north": { "uv": [ 4, 7, 13, 8 ], "texture": "#side", "rotation": 270 },
				"south": { "uv": [ 4, 10, 13, 11 ], "texture": "#side", "rotation": 270 },
				"west": { "uv": [ 4, 7, 13, 11 ], "texture": "#side", "rotation": 270 }
			}
		},
		{
			"__comment": "Cube32",
			"from": [ -1, 4, 11 ],
			"to": [ 0, 7, 12 ],
			"faces": {
				"down": { "uv": [ 4, 11, 5, 12 ], "texture": "#side" },
				"up": { "uv": [ 6, 11, 7, 12 ], "texture": "#side" },
				"north": { "uv": [ 0, 9, 1, 12 ], "texture": "#side" },
				"south": { "uv": [ 4, 11, 7, 12 ], "texture": "#side", "rotation": 270 },
				"west": { "uv": [ 4, 11, 7, 12 ], "texture": "#side", "rotation": 270 },
				"east": { "uv": [ 4, 9, 5, 12 ], "texture": "#side" }
			}
		},
		{
			"__comment": "Cube33",
			"from": [ -1, 10, 11 ],
			"to": [ 0, 13, 12 ],
			"faces": {
				"down": { "uv": [ 10, 11, 11, 12 ], "texture": "#side" },
				"up": { "uv": [ 12, 11, 13, 12 ], "texture": "#side" },
				"north": { "uv": [ 0, 3, 1, 6 ], "texture": "#side" },
				"south": { "uv": [ 10, 11, 13, 12 ], "texture": "#side", "rotation": 270 },
				"west": { "uv": [ 10, 11, 13, 12 ], "texture": "#side", "rotation": 270 },
				"east": { "uv": [ 4, 3, 5, 6 ], "texture": "#side" }
			}
		},
		{
			"__comment": "Cube34",
			"from": [ -1, 4, 12 ],
			"to": [ 0, 6, 13 ],
			"faces": {
				"down": { "uv": [ 4, 12, 5, 13 ], "texture": "#side" },
				"up": { "uv": [ 5, 12, 6, 13 ], "texture": "#side" },
				"north": { "uv": [ 3.5, 12, 4.5, 14 ], "texture": "#side" },
				"south": { "uv": [ 4, 12, 6, 13 ], "texture": "#side", "rotation": 270 },
				"west": { "uv": [ 4, 12, 6, 13 ], "texture": "#side", "rotation": 270 },
				"east": { "uv": [ 3, 10, 4, 12 ], "texture": "#side" }
			}
		},
		{
			"__comment": "Cube35",
			"from": [ -1, 11, 12 ],
			"to": [ 0, 13, 13 ],
			"faces": {
				"down": { "uv": [ 11, 12, 12, 13 ], "texture": "#side" },
				"up": { "uv": [ 12, 12, 13, 13 ], "texture": "#side" },
				"north": { "uv": [ 2, 3.5, 3, 5.5 ], "texture": "#side" },
				"south": { "uv": [ 11, 12, 13, 13 ], "texture": "#side", "rotation": 270 },
				"west": { "uv": [ 11, 12, 13, 13 ], "texture": "#side", "rotation": 270 },
				"east": { "uv": [ 3, 3, 4, 5 ], "texture": "#side" }
			}
		},
		{
			"__comment": "Cube22",
			"from": [ 7, -1, 3 ],
			"to": [ 8, 0, 4 ],
			"faces": {
				"down": { "uv": [ 8, 3, 9, 4 ], "texture": "#side", "rotation": 270 },
				"north": { "uv": [ 8, 3, 9, 4 ], "texture": "#side", "rotation": 90 },
				"west": { "uv": [ 8, 3, 9, 4 ], "texture": "#side", "rotation": 270 },
				"east": { "uv": [ 9, 4, 8, 3 ], "texture": "#side", "rotation": 90 }
			}
		},
		{
			"__comment": "Cube23",
			"from": [ 6, -1, 4 ],
			"to": [ 9, 0, 5 ],
			"faces": {
				"down": { "uv": [ 7, 4, 10, 5 ], "texture": "#side", "rotation": 180 },
				"north": { "uv": [ 7, 4, 10, 5 ], "texture": "#side" },
				"west": { "uv": [ 9, 4, 10, 5 ], "texture": "#side", "rotation": 270 },
				"east": { "uv": [ 8, 5, 7, 4 ], "texture": "#side", "rotation": 90 }
			}
		},
		{
			"__comment": "Cube24",
			"from": [ 5, -1, 5 ],
			"to": [ 10, 0, 6 ],
			"faces": {
				"down": { "uv": [ 6, 5, 11, 6 ], "texture": "#side", "rotation": 180 },
				"north": { "uv": [ 6, 5, 11, 6 ], "texture": "#side" },
				"west": { "uv": [ 10, 5, 11, 6 ], "texture": "#side", "rotation": 270 },
				"east": { "uv": [ 7, 6, 6, 5 ], "texture": "#side", "rotation": 90 }
			}
		},
		{
			"__comment": "Cube25",
			"from": [ 4, -1, 6 ],
			"to": [ 11, 0, 7 ],
			"faces": {
				"down": { "uv": [ 5, 6, 12, 7 ], "texture": "#side", "rotation": 180 },
				"north": { "uv": [ 5, 6, 12, 7 ], "texture": "#side" },
				"west": { "uv": [ 11, 6, 12, 7 ], "texture": "#side", "rotation": 270 },
				"east": { "uv": [ 6, 7, 5, 6 ], "texture": "#side", "rotation": 90 }
			}
		},
		{
			"__comment": "Cube26",
			"from": [ 3, -1, 7 ],
			"to": [ 12, 0, 11 ],
			"faces": {
				"down": { "uv": [ 4, 7, 13, 11 ], "texture": "#side", "rotation": 180 },
				"north": { "uv": [ 4, 7, 13, 8 ], "texture": "#side" },
				"south": { "uv": [ 4, 10, 13, 11 ], "texture": "#side", "rotation": 180 },
				"west": { "uv": [ 12, 7, 13, 11 ], "texture": "#side", "rotation": 270 },
				"east": { "uv": [ 5, 11, 4, 7 ], "texture": "#side", "rotation": 270 }
			}
		},
		{
			"__comment": "Cube32",
			"from": [ 9, -1, 11 ],
			"to": [ 12, 0, 12 ],
			"faces": {
				"down": { "uv": [ 4, 11, 7, 12 ], "texture": "#side", "rotation": 180 },
				"up": { "uv": [ 5, 12, 4, 9 ], "texture": "#side", "rotation": 90 },
				"north": { "uv": [ 0, 9, 1, 12 ], "texture": "#side", "rotation": 90 },
				"south": { "uv": [ 4, 11, 7, 12 ], "texture": "#side", "rotation": 180 },
				"west": { "uv": [ 6, 11, 7, 12 ], "texture": "#side", "rotation": 270 },
				"east": { "uv": [ 5, 12, 4, 11 ], "texture": "#side", "rotation": 90 }
			}
		},
		{
			"__comment": "Cube33",
			"from": [ 3, -1, 11 ],
			"to": [ 6, 0, 12 ],
			"faces": {
				"down": { "uv": [ 10, 11, 13, 12 ], "texture": "#side", "rotation": 180 },
				"up": { "uv": [ 5, 6, 4, 3 ], "texture": "#side", "rotation": 90 },
				"north": { "uv": [ 0, 3, 1, 6 ], "texture": "#side", "rotation": 90 },
				"south": { "uv": [ 10, 11, 13, 12 ], "texture": "#side", "rotation": 180 },
				"west": { "uv": [ 12, 11, 13, 12 ], "texture": "#side", "rotation": 270 },
				"east": { "uv": [ 11, 12, 10, 11 ], "texture": "#side", "rotation": 90 }
			}
		},
		{
			"__comment": "Cube34",
			"from": [ 10, -1, 12 ],
			"to": [ 12, 0, 13 ],
			"faces": {
				"down": { "uv": [ 4, 12, 6, 13 ], "texture": "#side", "rotation": 180 },
				"up": { "uv": [ 4, 12, 3, 10 ], "texture": "#side", "rotation": 90 },
				"north": { "uv": [ 3.5, 12, 4.5, 14 ], "texture": "#side", "rotation": 90 },
				"south": { "uv": [ 4, 12, 6, 13 ], "texture": "#side", "rotation": 180 },
				"west": { "uv": [ 5, 12, 6, 13 ], "texture": "#side", "rotation": 270 },
				"east": { "uv": [ 5, 13, 4, 12 ], "texture": "#side", "rotation": 90 }
			}
		},
		{
			"__comment": "Cube35",
			"from": [ 3, -1, 12 ],
			"to": [ 5, 0, 13 ],
			"faces": {
				"down": { "uv": [ 11, 12, 13, 13 ], "texture": "#side", "rotation": 180 },
				"up": { "uv": [ 4, 5, 3, 3 ], "texture": "#side", "rotation": 90 },
				"north": { "uv": [ 2, 3.5, 3, 5.5 ], "texture": "#side", "rotation": 90 },
				"south": { "uv": [ 11, 12, 13, 13 ], "texture": "#side", "rotation": 180 },
				"west": { "uv": [ 12, 12, 13, 13 ], "texture": "#side", "rotation": 270 },
				"east": { "uv": [ 12, 13, 11, 12 ], "texture": "#side", "rotation": 90 }
			}
		},
		{
			"__comment": "Cube22",
			"from": [ 8, 16, 3 ],
			"to": [ 9, 17, 4 ],
			"faces": {
				"up": { "uv": [ 9, 4, 8, 3 ], "texture": "#side", "rotation": 270 },
				"north": { "uv": [ 8, 3, 9, 4 ], "texture": "#side", "rotation": 270 },
				"west": { "uv": [ 9, 4, 8, 3 ], "texture": "#side", "rotation": 270 },
				"east": { "uv": [ 8, 3, 9, 4 ], "texture": "#side", "rotation": 90 }
			}
		},
		{
			"__comment": "Cube23",
			"from": [ 7, 16, 4 ],
			"to": [ 10, 17, 5 ],
			"faces": {
				"up": { "uv": [ 10, 5, 7, 4 ], "texture": "#side", "rotation": 180 },
				"north": { "uv": [ 7, 4, 10, 5 ], "texture": "#side", "rotation": 180 },
				"west": { "uv": [ 8, 5, 7, 4 ], "texture": "#side", "rotation": 270 },
				"east": { "uv": [ 9, 4, 10, 5 ], "texture": "#side", "rotation": 90 }
			}
		},
		{
			"__comment": "Cube24",
			"from": [ 6, 16, 5 ],
			"to": [ 11, 17, 6 ],
			"faces": {
				"up": { "uv": [ 11, 6, 6, 5 ], "texture": "#side", "rotation": 180 },
				"north": { "uv": [ 6, 5, 11, 6 ], "texture": "#side", "rotation": 180 },
				"west": { "uv": [ 7, 6, 6, 5 ], "texture": "#side", "rotation": 270 },
				"east": { "uv": [ 10, 5, 11, 6 ], "texture": "#side", "rotation": 90 }
			}
		},
		{
			"__comment": "Cube25",
			"from": [ 5, 16, 6 ],
			"to": [ 12, 17, 7 ],
			"faces": {
				"up": { "uv": [ 12, 7, 5, 6 ], "texture": "#side", "rotation": 180 },
				"north": { "uv": [ 5, 6, 12, 7 ], "texture": "#side", "rotation": 180 },
				"west": { "uv": [ 6, 7, 5, 6 ], "texture": "#side", "rotation": 270 },
				"east": { "uv": [ 11, 6, 12, 7 ], "texture": "#side", "rotation": 90 }
			}
		},
		{
			"__comment": "Cube26",
			"from": [ 4, 16, 7 ],
			"to": [ 13, 17, 11 ],
			"faces": {
				"up": { "uv": [ 13, 11, 4, 7 ], "texture": "#side", "rotation": 180 },
				"north": { "uv": [ 4, 7, 13, 8 ], "texture": "#side", "rotation": 180 },
				"south": { "uv": [ 4, 10, 13, 11 ], "texture": "#side" },
				"west": { "uv": [ 5, 11, 4, 7 ], "texture": "#side", "rotation": 90 },
				"east": { "uv": [ 12, 7, 13, 11 ], "texture": "#side", "rotation": 90 }
			}
		},
		{
			"__comment": "Cube32",
			"from": [ 4, 16, 11 ],
			"to": [ 7, 17, 12 ],
			"faces": {
				"down": { "uv": [ 4, 9, 5, 12 ], "texture": "#side", "rotation": 90 },
				"up": { "uv": [ 7, 12, 4, 11 ], "texture": "#side", "rotation": 180 },
				"north": { "uv": [ 0, 9, 1, 12 ], "texture": "#side", "rotation": 270 },
				"south": { "uv": [ 4, 11, 7, 12 ], "texture": "#side" },
				"west": { "uv": [ 5, 12, 4, 11 ], "texture": "#side", "rotation": 270 },
				"east": { "uv": [ 6, 11, 7, 12 ], "texture": "#side", "rotation": 90 }
			}
		},
		{
			"__comment": "Cube33",
			"from": [ 10, 16, 11 ],
			"to": [ 13, 17, 12 ],
			"faces": {
				"down": { "uv": [ 4, 3, 5, 6 ], "texture": "#side", "rotation": 90 },
				"up": { "uv": [ 13, 12, 10, 11 ], "texture": "#side", "rotation": 180 },
				"north": { "uv": [ 0, 3, 1, 6 ], "texture": "#side", "rotation": 270 },
				"south": { "uv": [ 10, 11, 13, 12 ], "texture": "#side" },
				"west": { "uv": [ 11, 12, 10, 11 ], "texture": "#side", "rotation": 270 },
				"east": { "uv": [ 12, 11, 13, 12 ], "texture": "#side", "rotation": 90 }
			}
		},
		{
			"__comment": "Cube34",
			"from": [ 4, 16, 12 ],
			"to": [ 6, 17, 13 ],
			"faces": {
				"down": { "uv": [ 3, 10, 4, 12 ], "texture": "#side", "rotation": 90 },
				"up": { "uv": [ 6, 13, 4, 12 ], "texture": "#side", "rotation": 180 },
				"north": { "uv": [ 3.5, 12, 4.5, 14 ], "texture": "#side", "rotation": 270 },
				"south": { "uv": [ 4, 12, 6, 13 ], "texture": "#side" },
				"west": { "uv": [ 5, 13, 4, 12 ], "texture": "#side", "rotation": 270 },
				"east": { "uv": [ 5, 12, 6, 13 ], "texture": "#side", "rotation": 90 }
			}
		},
		{
			"__comment": "Cube35",
			"from": [ 11, 16, 12 ],
			"to": [ 13, 17, 13 ],
			"faces": {
				"down": { "uv": [ 3, 3, 4, 5 ], "texture": "#side", "rotation": 90 },
				"up": { "uv": [ 13, 13, 11, 12 ], "texture": "#side", "rotation": 180 },
				"north": { "uv": [ 2, 3.5, 3, 5.5 ], "texture": "#side", "rotation": 270 },
				"south": { "uv": [ 11, 12, 13, 13 ], "texture": "#side" },
				"west": { "uv": [ 12, 13, 11, 12 ], "texture": "#side", "rotation": 270 },
				"east": { "uv": [ 12, 12, 13, 13 ], "texture": "#side", "rotation": 90 }
			}
		},
		{
			"__comment": "Cube22",
			"from": [ 16, 7, 3 ],
			"to": [ 17, 8, 4 ],
			"faces": {
				"down": { "uv": [ 8, 3, 9, 4 ], "texture": "#side", "rotation": 180 },
				"up": { "uv": [ 8, 3, 9, 4 ], "texture": "#side", "rotation": 180 },
				"north": { "uv": [ 8, 3, 9, 4 ], "texture": "#side", "rotation": 180 },
				"east": { "uv": [ 8, 3, 9, 4 ], "texture": "#side", "rotation": 180 }
			}
		},
		{
			"__comment": "Cube23",
			"from": [ 16, 6, 4 ],
			"to": [ 17, 9, 5 ],
			"faces": {
				"down": { "uv": [ 9, 4, 10, 5 ], "texture": "#side", "rotation": 180 },
				"up": { "uv": [ 7, 4, 8, 5 ], "texture": "#side", "rotation": 180 },
				"north": { "uv": [ 7, 4, 10, 5 ], "texture": "#side", "rotation": 90 },
				"east": { "uv": [ 7, 4, 10, 5 ], "texture": "#side", "rotation": 90 }
			}
		},
		{
			"__comment": "Cube24",
			"from": [ 16, 5, 5 ],
			"to": [ 17, 10, 6 ],
			"faces": {
				"down": { "uv": [ 10, 5, 11, 6 ], "texture": "#side", "rotation": 180 },
				"up": { "uv": [ 6, 5, 7, 6 ], "texture": "#side", "rotation": 180 },
				"north": { "uv": [ 6, 5, 11, 6 ], "texture": "#side", "rotation": 90 },
				"east": { "uv": [ 6, 5, 11, 6 ], "texture": "#side", "rotation": 90 }
			}
		},
		{
			"__comment": "Cube25",
			"from": [ 16, 4, 6 ],
			"to": [ 17, 11, 7 ],
			"faces": {
				"down": { "uv": [ 11, 6, 12, 7 ], "texture": "#side", "rotation": 180 },
				"up": { "uv": [ 5, 6, 6, 7 ], "texture": "#side", "rotation": 180 },
				"north": { "uv": [ 5, 6, 12, 7 ], "texture": "#side", "rotation": 90 },
				"east": { "uv": [ 5, 6, 12, 7 ], "texture": "#side", "rotation": 90 }
			}
		},
		{
			"__comment": "Cube26",
			"from": [ 16, 3, 7 ],
			"to": [ 17, 12, 11 ],
			"faces": {
				"down": { "uv": [ 12, 7, 13, 11 ], "texture": "#side", "rotation": 180 },
				"up": { "uv": [ 4, 7, 5, 11 ], "texture": "#side" },
				"north": { "uv": [ 4, 7, 13, 8 ], "texture": "#side", "rotation": 90 },
				"south": { "uv": [ 4, 10, 13, 11 ], "texture": "#side", "rotation": 90 },
				"east": { "uv": [ 4, 7, 13, 11 ], "texture": "#side", "rotation": 90 }
			}
		},
		{
			"__comment": "Cube32",
			"from": [ 16, 9, 11 ],
			"to": [ 17, 12, 12 ],
			"faces": {
				"down": { "uv": [ 6, 11, 7, 12 ], "texture": "#side", "rotation": 180 },
				"up": { "uv": [ 4, 11, 5, 12 ], "texture": "#side", "rotation": 180 },
				"north": { "uv": [ 0, 9, 1, 12 ], "texture": "#side", "rotation": 180 },
				"south": { "uv": [ 4, 11, 7, 12 ], "texture": "#side", "rotation": 90 },
				"west": { "uv": [ 4, 9, 5, 12 ], "texture": "#side", "rotation": 180 },
				"east": { "uv": [ 4, 11, 7, 12 ], "texture": "#side", "rotation": 90 }
			}
		},
		{
			"__comment": "Cube33",
			"from": [ 16, 3, 11 ],
			"to": [ 17, 6, 12 ],
			"faces": {
				"down": { "uv": [ 12, 11, 13, 12 ], "texture": "#side", "rotation": 180 },
				"up": { "uv": [ 10, 11, 11, 12 ], "texture": "#side", "rotation": 180 },
				"north": { "uv": [ 0, 3, 1, 6 ], "texture": "#side", "rotation": 180 },
				"south": { "uv": [ 10, 11, 13, 12 ], "texture": "#side", "rotation": 90 },
				"west": { "uv": [ 4, 3, 5, 6 ], "texture": "#side", "rotation": 180 },
				"east": { "uv": [ 10, 11, 13, 12 ], "texture": "#side", "rotation": 90 }
			}
		},
		{
			"__comment": "Cube34",
			"from": [ 16, 10, 12 ],
			"to": [ 17, 12, 13 ],
			"faces": {
				"down": { "uv": [ 5, 12, 6, 13 ], "texture": "#side", "rotation": 180 },
				"up": { "uv": [ 4, 12, 5, 13 ], "texture": "#side", "rotation": 180 },
				"north": { "uv": [ 3.5, 12, 4.5, 14 ], "texture": "#side", "rotation": 180 },
				"south": { "uv": [ 4, 12, 6, 13 ], "texture": "#side", "rotation": 90 },
				"west": { "uv": [ 3, 10, 4, 12 ], "texture": "#side", "rotation": 180 },
				"east": { "uv": [ 4, 12, 6, 13 ], "texture": "#side", "rotation": 90 }
			}
		},
		{
			"__comment": "Cube35",
			"from": [ 16, 3, 12 ],
			"to": [ 17, 5, 13 ],
			"faces": {
				"down": { "uv": [ 12, 12, 13, 13 ], "texture": "#side", "rotation": 180 },
				"up": { "uv": [ 11, 12, 12, 13 ], "texture": "#side", "rotation": 180 },
				"north": { "uv": [ 2, 3.5, 3, 5.5 ], "texture": "#side", "rotation": 180 },
				"south": { "uv": [ 11, 12, 13, 13 ], "texture": "#side", "rotation": 90 },
				"west": { "uv": [ 3, 3, 4, 5 ], "texture": "#side", "rotation": 180 },
				"east": { "uv": [ 11, 12, 13, 13 ], "texture": "#side", "rotation": 90 }
			}
		}
	]
}