{
	"__comment": "Made by Mickey Joe Alpha",
	"textures": {
		"particle": "blocks/door_spruce_upper",
		"top": "blocks/door_spruce_upper",
		"side": "blocks/door_side_upper_1",
		"sideopen": "blocks/door_side_upper_open_1",
		"edge": "blocks/door_top_1"
	},
	"elements": [
		{
			"from": [ 0, 0, 0 ],
			"to": [ 3, 16, 16 ],
			"faces": {
				"up": { "uv": [ 0, 9, 16, 12 ], "texture": "#edge", "rotation": 270 },
				"north": { "uv": [ 6, 0, 9, 16 ], "texture": "#sideopen" },
				"south": { "uv": [ 6, 0, 9, 16 ], "texture": "#side" },
				"west": { "uv": [ 16, 0, 0, 16 ], "texture": "#top" },
				"east": { "uv": [ 0, 0, 16, 16 ], "texture": "#top" }
			}
		}
	]
}