{
	"__comment": "Made by Mickey Joe Alpha",
	"textures": {
		"particle": "blocks/door_spruce_lower",
		"bottom": "blocks/door_spruce_lower",
		"side": "blocks/door_side_lower_1",
		"sideopen": "blocks/door_side_lower_open_1",
		"edge": "blocks/door_top_1"
	},
	"elements": [
		{
			"from": [ 0, 0, 0 ],
			"to": [ 3, 16, 16 ],
			"faces": {
				"down": { "uv": [ 0, 9, 16, 12 ], "texture": "#edge", "rotation": 90 },
				"north": { "uv": [ 6, 0, 9, 16 ], "texture": "#sideopen" },
				"south": { "uv": [ 6, 0, 9, 16 ], "texture": "#side" },
				"west": { "uv": [ 16, 0, 0, 16 ], "texture": "#bottom" },
				"east": { "uv": [ 0, 0, 16, 16 ], "texture": "#bottom" }
			}
		},
		{
			"from": [ -1, 15, 3 ],
			"to": [ 4, 16, 5 ],
			"faces": {
				"down": { "uv": [ 13, 0, 11, 1 ], "texture": "#bottom", "rotation": 270 },
				"up": { "uv": [ 13, 0, 11, 1 ], "texture": "#bottom", "rotation": 90 },
				"north": { "uv": [ 12, 0, 13, 1 ], "texture": "#bottom" },
				"south": { "uv": [ 11, 0, 12, 1 ], "texture": "#bottom" },
				"west": { "uv": [ 13, 0, 11, 1 ], "texture": "#bottom" },
				"east": { "uv": [ 13, 0, 11, 1 ], "texture": "#bottom", "rotation": 180 }
			}
		},
		{
			"from": [ -1, 13, 5 ],
			"to": [ 4, 15, 6 ],
			"faces": {
				"down": { "uv": [ 10, 2, 11, 3 ], "texture": "#bottom", "rotation": 180 },
				"up": { "uv": [ 10, 1, 11, 2 ], "texture": "#bottom", "rotation": 180 },
				"north": { "uv": [ 10, 1, 11, 3 ], "texture": "#bottom" },
				"south": { "uv": [ 10, 1, 11, 3 ], "texture": "#bottom" },
				"west": { "uv": [ 10, 1, 11, 3 ], "texture": "#bottom" },
				"east": { "uv": [ 10, 1, 11, 3 ], "texture": "#bottom" }
			}
		},
		{
			"from": [ -1, 13, 2 ],
			"to": [ 4, 15, 3 ],
			"faces": {
				"down": { "uv": [ 10, 2, 11, 3 ], "texture": "#bottom", "rotation": 180 },
				"up": { "uv": [ 10, 1, 11, 2 ], "texture": "#bottom", "rotation": 180 },
				"north": { "uv": [ 13, 1, 14, 3 ], "texture": "#bottom" },
				"south": { "uv": [ 13, 1, 14, 3 ], "texture": "#bottom" },
				"west": { "uv": [ 13, 1, 14, 3 ], "texture": "#bottom" },
				"east": { "uv": [ 13, 1, 14, 3 ], "texture": "#bottom" }
			}
		},
		{
			"from": [ -1, 12, 3 ],
			"to": [ 4, 13, 5 ],
			"faces": {
				"down": { "uv": [ 13, 3, 11, 4 ], "texture": "#bottom", "rotation": 270 },
				"up": { "uv": [ 13, 3, 11, 4 ], "texture": "#bottom", "rotation": 90 },
				"north": { "uv": [ 12, 3, 13, 4 ], "texture": "#bottom" },
				"south": { "uv": [ 11, 3, 12, 4 ], "texture": "#bottom" },
				"west": { "uv": [ 13, 3, 11, 4 ], "texture": "#bottom" },
				"east": { "uv": [ 13, 3, 11, 4 ], "texture": "#bottom" }
			}
		}
	]
}