{
	"__comment": "Made by Mickey Joe Alpha",
	"ambientocclusion": false,
	"textures": {
		"particle": "blocks/waterlily",
		"texture": "blocks/waterlily"
	},
	"elements": [
		{
			"__comment": "Cube14",
			"from": [ 3, -1, 1 ],
			"to": [ 5, 0, 2 ],
			"faces": {
				"down": { "uv": [ 6, 1, 4, 2 ], "texture": "#texture", "tintindex": 0 },
				"up": { "uv": [ 4, 1, 6, 2 ], "texture": "#texture", "tintindex": 0 },
				"north": { "uv": [ 4, 1, 6, 2 ], "texture": "#texture", "tintindex": 0 },
				"west": { "uv": [ 4, 1, 5, 2 ], "texture": "#texture", "tintindex": 0 },
				"east": { "uv": [ 5, 1, 6, 2 ], "texture": "#texture", "tintindex": 0 }
			}
		},
		{
			"__comment": "Cube15",
			"from": [ 10, -1, 1 ],
			"to": [ 12, 0, 2 ],
			"faces": {
				"down": { "uv": [ 13, 1, 11, 2 ], "texture": "#texture", "tintindex": 0 },
				"up": { "uv": [ 11, 1, 13, 2 ], "texture": "#texture", "tintindex": 0 },
				"north": { "uv": [ 11, 1, 13, 2 ], "texture": "#texture", "tintindex": 0 },
				"west": { "uv": [ 12, 1, 13, 2 ], "texture": "#texture", "tintindex": 0 },
				"east": { "uv": [ 11, 1, 12, 2 ], "texture": "#texture", "tintindex": 0 }
			}
		},
		{
			"__comment": "Cube16",
			"from": [ 2, -1, 2 ],
			"to": [ 6, 0, 3 ],
			"faces": {
				"down": { "uv": [ 7, 2, 3, 3 ], "texture": "#texture", "tintindex": 0 },
				"up": { "uv": [ 3, 2, 7, 3 ], "texture": "#texture", "tintindex": 0 },
				"north": { "uv": [ 3, 2, 7, 3 ], "texture": "#texture", "tintindex": 0 },
				"west": { "uv": [ 3, 2, 4, 3 ], "texture": "#texture", "tintindex": 0 },
				"east": { "uv": [ 6, 2, 7, 3 ], "texture": "#texture", "tintindex": 0 }
			}
		},
		{
			"__comment": "Cube17",
			"from": [ 2, -1, 3 ],
			"to": [ 7, 0, 4 ],
			"faces": {
				"down": { "uv": [ 8, 3, 3, 4 ], "texture": "#texture", "tintindex": 0 },
				"up": { "uv": [ 3, 3, 8, 4 ], "texture": "#texture", "tintindex": 0 },
				"north": { "uv": [ 3, 3, 8, 4 ], "texture": "#texture", "tintindex": 0 },
				"south": { "uv": [ 3, 3, 8, 4 ], "texture": "#texture", "tintindex": 0 },
				"west": { "uv": [ 3, 3, 4, 4 ], "texture": "#texture", "tintindex": 0 },
				"east": { "uv": [ 7, 3, 8, 4 ], "texture": "#texture", "tintindex": 0 }
			}
		},
		{
			"__comment": "Cube18",
			"from": [ 9, -1, 2 ],
			"to": [ 13, 0, 3 ],
			"faces": {
				"down": { "uv": [ 14, 2, 10, 3 ], "texture": "#texture", "tintindex": 0 },
				"up": { "uv": [ 10, 2, 14, 3 ], "texture": "#texture", "tintindex": 0 },
				"north": { "uv": [ 10, 2, 14, 3 ], "texture": "#texture", "tintindex": 0 },
				"west": { "uv": [ 10, 2, 11, 3 ], "texture": "#texture", "tintindex": 0 },
				"east": { "uv": [ 13, 2, 14, 3 ], "texture": "#texture", "tintindex": 0 }
			}
		},
		{
			"__comment": "Cube7",
			"from": [ 8, -1, 3 ],
			"to": [ 13, 0, 4 ],
			"faces": {
				"down": { "uv": [ 14, 3, 9, 4 ], "texture": "#texture", "tintindex": 0 },
				"up": { "uv": [ 9, 3, 14, 4 ], "texture": "#texture", "tintindex": 0 },
				"north": { "uv": [ 9, 3, 14, 4 ], "texture": "#texture", "tintindex": 0 },
				"west": { "uv": [ 9, 3, 10, 4 ], "texture": "#texture", "tintindex": 0 },
				"east": { "uv": [ 13, 3, 14, 4 ], "texture": "#texture", "tintindex": 0 }
			}
		},
		{
			"__comment": "Cube8",
			"from": [ 8, -1, 4 ],
			"to": [ 14, 0, 5 ],
			"faces": {
				"down": { "uv": [ 15, 4, 9, 5 ], "texture": "#texture", "tintindex": 0 },
				"up": { "uv": [ 9, 4, 15, 5 ], "texture": "#texture", "tintindex": 0 },
				"north": { "uv": [ 9, 4, 15, 5 ], "texture": "#texture", "tintindex": 0 },
				"west": { "uv": [ 9, 4, 10, 5 ], "texture": "#texture", "tintindex": 0 },
				"east": { "uv": [ 14, 4, 15, 5 ], "texture": "#texture", "tintindex": 0 }
			}
		},
		{
			"__comment": "Cube9",
			"from": [ 1, -1, 5 ],
			"to": [ 14, 0, 11 ],
			"faces": {
				"down": { "uv": [ 15, 5, 2, 11 ], "texture": "#texture", "rotation": 180, "tintindex": 0 },
				"up": { "uv": [ 2, 5, 15, 11 ], "texture": "#texture", "tintindex": 0 },
				"north": { "uv": [ 2, 5, 15, 6 ], "texture": "#texture", "tintindex": 0 },
				"south": { "uv": [ 2, 10, 15, 11 ], "texture": "#texture", "tintindex": 0 },
				"west": { "uv": [ 2, 4, 3, 11 ], "texture": "#texture", "rotation": 90, "tintindex": 0 },
				"east": { "uv": [ 14, 4, 15, 11 ], "texture": "#texture", "rotation": 90, "tintindex": 0 }
			}
		},
		{
			"__comment": "Cube10",
			"from": [ 2, -1, 11 ],
			"to": [ 13, 0, 13 ],
			"faces": {
				"down": { "uv": [ 14, 11, 3, 13 ], "texture": "#texture", "rotation": 180, "tintindex": 0 },
				"up": { "uv": [ 3, 11, 14, 13 ], "texture": "#texture", "tintindex": 0 },
				"south": { "uv": [ 3, 12, 14, 13 ], "texture": "#texture", "tintindex": 0 },
				"west": { "uv": [ 3, 11, 4, 13 ], "texture": "#texture", "rotation": 90, "tintindex": 0 },
				"east": { "uv": [ 13, 11, 14, 13 ], "texture": "#texture", "rotation": 90, "tintindex": 0 }
			}
		},
		{
			"__comment": "Cube11",
			"from": [ 3, -1, 13 ],
			"to": [ 12, 0, 14 ],
			"faces": {
				"down": { "uv": [ 13, 13, 4, 14 ], "texture": "#texture", "tintindex": 0 },
				"up": { "uv": [ 4, 13, 13, 14 ], "texture": "#texture", "tintindex": 0 },
				"south": { "uv": [ 4, 13, 13, 14 ], "texture": "#texture", "tintindex": 0 },
				"west": { "uv": [ 4, 13, 5, 14 ], "texture": "#texture", "tintindex": 0 },
				"east": { "uv": [ 12, 13, 13, 14 ], "texture": "#texture", "tintindex": 0 }
			}
		},
		{
			"__comment": "Cube12",
			"from": [ 5, -1, 14 ],
			"to": [ 10, 0, 15 ],
			"faces": {
				"down": { "uv": [ 6, 14, 11, 15 ], "texture": "#texture", "tintindex": 0 },
				"up": { "uv": [ 6, 14, 11, 15 ], "texture": "#texture", "tintindex": 0 },
				"south": { "uv": [ 6, 14, 11, 15 ], "texture": "#texture", "tintindex": 0 },
				"west": { "uv": [ 6, 14, 7, 15 ], "texture": "#texture", "tintindex": 0 },
				"east": { "uv": [ 10, 14, 11, 15 ], "texture": "#texture", "tintindex": 0 }
			}
		},
		{
			"__comment": "Cube13",
			"from": [ 1, -1, 4 ],
			"to": [ 7, 0, 5 ],
			"faces": {
				"down": { "uv": [ 8, 4, 2, 5 ], "texture": "#texture", "tintindex": 0 },
				"up": { "uv": [ 2, 4, 8, 5 ], "texture": "#texture", "tintindex": 0 },
				"north": { "uv": [ 2, 4, 8, 5 ], "texture": "#texture", "tintindex": 0 },
				"south": { "uv": [ 2, 4, 8, 5 ], "texture": "#texture", "tintindex": 0 },
				"west": { "uv": [ 2, 4, 3, 5 ], "texture": "#texture", "tintindex": 0 },
				"east": { "uv": [ 7, 4, 8, 5 ], "texture": "#texture", "tintindex": 0 }
			}
		}
	]
}